1744059270.5297418,'1744059270.5303512,-220,-93,-4035,70,18,1292,87,29,-35,33.11,-76,1104,-2153,error,30.9,976.91,14.631,4,26,3,10,1,3,0,24,0,0,0,2625
1744059270.6135898,'1744059270.6139925,-212,-74,-4038,68,22,1281,91,25,-31,33.11,-172,1104,-2145,error,30.91,976.9,14.636,3,27,10,3,3,0,0,25,1,1,0,2625
1744059270.696479,'1744059270.6968439,-155,6,-4013,60,26,1289,67,26,-30,33.16,-263,1090,-2122,error,30.92,976.94,14.642,4,25,0,3,0,5,1,27,0,1,0,2625
1744059270.7793076,'1744059270.7796757,-149,-9,-4037,66,13,1295,70,26,-37,33.16,-337,1071,-2093,error,30.93,976.93,14.622,3,25,0,6,2,2,5,28,0,1,0,2625
1744059270.8620884,'1744059270.862439,-218,-76,-4013,74,41,1305,53,14,-44,33.16,-399,1038,-2071,error,30.94,976.94,14.643,4,26,11,9,4,0,0,26,1,1,0,2625
1744059270.9448235,'1744059270.945175,-207,-89,-3997,67,22,1276,48,21,-32,33.11,-472,995,-2086,error,30.94,976.93,14.633,4,27,2,0,0,0,5,27,0,1,0,2625
1744059271.0275266,'1744059271.0278764,-179,20,-4016,62,38,1288,41,12,-31,33.3,-561,963,-2131,error,30.95,976.94,14.634,4,25,3,1,0,0,0,27,0,1,0,2625
1744059271.1102371,'1744059271.1105888,-151,-24,-4045,76,25,1303,34,10,-33,33.11,-648,920,-2163,error,30.96,976.93,14.64,3,25,2,0,4,6,0,24,0,1,0,2625
1744059271.1929786,'1744059271.1933322,-243,-121,-3974,76,13,1299,33,-3,-37,33.11,-722,877,-2189,error,30.97,976.92,14.63,4,25,3,5,0,0,0,24,0,1,0,2625
1744059271.2756622,'1744059271.276005,-235,-50,-4040,71,20,1315,19,0,-38,33.11,-776,830,-2217,error,30.97,976.94,14.64,4,27,0,0,2,0,3,28,0,1,0,2625
1744059271.529939,'1744059271.5304542,-202,-33,-4023,73,22,1299,16,-6,-42,33.25,-936,678,-2365,error,30.97,976.92,14.645,4,24,4,4,1,0,8,27,0,1,0,2625
1744059271.612931,'1744059271.6132886,-262,-106,-4003,75,8,1289,7,-20,-50,33.16,-973,635,-2377,error,30.97,976.92,14.635,4,23,5,7,2,2,0,25,0,2,0,2625
1744059271.6956334,'1744059271.6959841,-273,-91,-4039,58,30,1263,-8,-16,-37,33.16,-1013,578,-2355,error,30.97,976.91,14.64,3,23,0,6,1,0,0,23,0,2,0,2625
1744059271.778274,'1744059271.7786217,-155,-1,-4035,72,36,1279,-6,-34,-39,33.16,-1062,510,-2327,error,30.97,976.94,14.64,3,24,4,0,0,0,0,25,0,1,0,2625
1744059271.8609805,'1744059271.86136,-135,-9,-4000,78,25,1321,-18,-29,-37,33.11,-1114,438,-2314,error,30.98,976.93,14.641,4,23,4,16,0,0,0,22,0,2,0,2625
1744059271.9437175,'1744059271.9440675,-276,-106,-3999,64,29,1294,-19,-43,-36,33.25,-1161,379,-2306,error,30.98,976.91,14.626,3,22,9,7,0,0,0,27,0,2,0,2625
1744059272.0265238,'1744059272.026886,-263,-73,-4033,73,18,1276,-14,-50,-38,33.06,-1199,325,-2291,error,30.98,976.91,14.626,3,23,0,6,0,4,1,25,0,2,0,2625
1744059272.1093001,'1744059272.1096542,-232,-37,-4052,67,20,1303,-13,-62,-37,33.11,-1226,269,-2268,error,30.99,976.91,14.631,4,24,0,4,0,5,2,25,0,2,0,2625
1744059272.192,'1744059272.1923547,-233,-13,-4016,68,33,1296,-23,-70,-37,33.11,-1249,193,-2237,error,30.99,976.89,14.621,4,23,3,3,3,2,0,27,0,2,0,2625
1744059272.2747288,'1744059272.2751038,-212,-57,-4026,66,20,1293,-8,-72,-32,33.3,-1272,96,-2213,error,30.99,976.91,14.636,4,24,0,6,0,0,0,20,0,2,0,2625
1744059272.5301087,'1744059272.530549,-186,-8,-4061,67,26,1290,-22,-84,-43,33.06,-1308,-142,-2305,error,30.99,976.89,14.626,4,23,1,6,0,3,0,26,0,1,0,2625
1744059272.612987,'1744059272.6133401,-170,-14,-4006,63,38,1302,-25,-100,-39,33.3,-1318,-215,-2324,error,30.99,976.89,14.631,3,23,0,1,2,1,2,26,0,1,0,2625
1744059272.6956644,'1744059272.6960063,-301,-88,-3970,70,17,1331,-24,-109,-38,33.06,-1313,-300,-2348,error,30.98,976.9,14.631,3,22,1,8,0,0,0,25,0,2,0,2625
1744059272.778311,'1744059272.7786555,-327,-72,-4019,74,23,1278,-27,-117,-38,33.25,-1313,-396,-2370,error,30.99,976.9,14.621,4,24,0,3,0,6,1,26,0,2,0,2625
1744059272.8609905,'1744059272.8613331,-210,9,-4014,62,30,1303,-17,-112,-36,33.25,-1309,-477,-2411,error,30.99,976.88,14.621,4,23,0,2,0,0,0,23,0,2,0,2625
1744059272.9436345,'1744059272.9439757,-226,-5,-4019,70,14,1321,-18,-133,-39,33.16,-1294,-546,-2461,error,30.99,976.91,14.621,3,23,0,11,2,0,0,24,0,1,0,2625
1744059273.0263221,'1744059273.0266707,-245,-28,-4045,61,21,1293,-30,-131,-42,32.92,-1271,-612,-2476,error,30.99,976.91,14.631,3,22,0,0,0,4,0,25,0,2,0,2625
1744059273.109005,'1744059273.1093524,-193,-24,-4001,59,31,1281,-24,-150,-36,33.25,-1237,-692,-2453,error,31.0,976.91,14.618,3,22,0,10,3,0,0,26,0,2,0,2625
1744059273.1916625,'1744059273.1920078,-303,-63,-4014,68,22,1282,-17,-155,-46,33.11,-1201,-765,-2418,error,31.0,976.9,14.613,3,22,3,0,0,2,3,26,0,2,0,2625
1744059273.274321,'1744059273.2746623,-270,-90,-4050,58,29,1268,-12,-155,-46,33.11,-1172,-839,-2394,error,31.0,976.9,14.633,4,23,2,1,0,0,1,27,0,2,0,2625
1744059273.5302708,'1744059273.530699,-226,14,-4010,56,27,1283,2,-173,-48,33.35,-1046,-1022,-2347,error,31.0,976.9,14.608,3,23,0,3,0,5,0,27,0,2,0,2625
1744059273.6131206,'1744059273.6134708,-300,-101,-4002,81,31,1319,-3,-174,-37,33.11,-994,-1087,-2364,error,30.99,976.9,14.616,3,23,9,3,4,0,10,25,0,2,0,2625
1744059273.6957939,'1744059273.6961377,-237,-21,-4012,73,27,1317,6,-177,-49,33.16,-949,-1151,-2379,error,30.99,976.91,14.616,3,24,4,0,0,3,3,28,0,2,0,2625
1744059273.7784576,'1744059273.7787998,-245,7,-4022,64,24,1316,13,-192,-39,33.11,-902,-1208,-2399,error,30.99,976.9,14.612,3,23,6,1,0,4,0,24,0,1,0,2625
1744059273.8612254,'1744059273.861603,-293,-17,-4024,61,21,1285,8,-192,-39,33.16,-857,-1260,-2433,error,31.0,976.91,14.623,4,23,1,9,0,0,0,25,0,2,0,2625
1744059273.9440663,'1744059273.944442,-318,-90,-3996,68,22,1258,19,-208,-43,33.11,-798,-1308,-2461,error,31.0,976.9,14.618,3,23,0,1,0,0,2,24,0,2,0,2625
1744059274.0268068,'1744059274.0271623,-206,23,-4012,69,24,1274,23,-207,-32,33.35,-733,-1358,-2454,error,31.0,976.9,14.618,4,24,0,1,0,0,0,25,0,2,0,2625
1744059274.109477,'1744059274.1098216,-264,-2,-4024,54,32,1308,32,-216,-36,33.11,-678,-1395,-2415,error,31.0,976.89,14.613,3,23,0,2,0,0,0,27,0,1,0,2625
1744059274.19213,'1744059274.1924746,-224,-22,-4018,65,40,1290,33,-210,-42,33.11,-624,-1422,-2386,error,31.01,976.88,14.618,4,22,8,0,8,0,3,24,0,1,0,2625
1744059274.274786,'1744059274.2751343,-238,-30,-4008,72,15,1269,35,-217,-39,33.06,-573,-1446,-2363,error,31.01,976.87,14.608,4,23,1,7,5,1,0,26,0,2,0,2625
1744059274.5304298,'1744059274.5308542,-241,20,-4033,55,35,1300,59,-221,-33,33.11,-347,-1542,-2275,error,31.0,976.89,14.608,3,23,0,0,0,3,1,28,0,2,0,2625
1744059274.6132524,'1744059274.6136007,-199,31,-3995,54,33,1261,69,-224,-33,33.16,-273,-1558,-2225,error,31.0,976.89,14.604,4,23,2,5,4,0,0,25,0,1,0,2625
1744059274.6959393,'1744059274.6962829,-331,-77,-4026,71,25,1291,79,-219,-46,33.25,-204,-1564,-2192,error,31.0,976.89,14.604,4,23,0,1,4,2,0,28,0,1,0,2625
1744059274.778598,'1744059274.7789378,-252,5,-3990,64,24,1291,83,-231,-43,33.11,-130,-1565,-2196,error,31.0,976.89,14.604,3,22,0,0,13,2,0,25,0,1,0,2625
1744059274.8612463,'1744059274.8615959,-243,24,-4039,80,27,1294,92,-220,-39,33.11,-50,-1568,-2226,error,31.0,976.88,14.589,3,22,2,0,0,3,0,25,0,1,0,2625
1744059274.9439275,'1744059274.9442718,-191,62,-4033,60,40,1319,91,-221,-31,33.06,41,-1570,-2241,error,31.0,976.88,14.604,4,25,1,5,1,0,14,33,0,1,0,2625
1744059275.023217,'1744059275.024016,-214,69,-4006,58,23,1301,106,-229,-26,32.82,137,-1575,-2324,error,31.01,976.88,14.599,3,27,0,0,3,5,0,36,0,1,0,2625
1744059275.1261322,'1744059275.127067,-243,-17,-4023,53,28,1299,122,-220,-42,33.25,228,-1566,-2137,error,31.01,976.87,14.599,3,27,0,1,4,2,1,34,0,1,0,2625
1744059275.2324114,'1744059275.2331982,-285,-68,-4049,74,21,1318,119,-222,-39,33.06,306,-1532,-2144,error,31.01,976.88,14.599,3,23,0,0,0,6,3,35,0,1,0,2625
1744059275.33546,'1744059275.3363757,-252,3,-4026,83,16,1312,125,-221,-24,33.49,401,-1490,-2336,error,31.01,976.88,14.604,4,24,0,2,2,3,2,31,0,1,0,2625
1744059275.5307727,'1744059275.5317762,-258,-22,-4028,71,12,1298,149,-225,-32,33.11,575,-1448,-2112,error,31.0,976.88,14.594,3,25,0,0,14,20,0,35,12,16,3,2625
1744059275.637308,'1744059275.6380987,-219,26,-3996,71,20,1281,156,-205,-35,33.16,674,-1391,-2202,error,31.0,976.89,14.599,3,26,0,0,11,24,0,36,22,21,9,2625
1744059275.7403672,'1744059275.7412555,-234,-7,-4004,71,23,1265,155,-206,-38,33.11,738,-1363,-2175,error,31.0,976.89,14.589,3,24,0,8,3,22,0,29,18,19,7,2625
1744059275.8464954,'1744059275.847303,-191,67,-4054,67,16,1312,172,-198,-31,33.11,859,-1291,-2124,error,31.0,976.89,14.589,3,28,0,0,4,35,0,36,26,21,11,2625
1744059275.9497721,'1744059275.9506721,-228,23,-4042,63,26,1308,176,-197,-30,33.35,917,-1244,-2211,error,31.0,976.89,14.589,3,28,0,0,1,40,0,37,30,23,17,2625
1744059276.0578206,'1744059276.058708,-243,16,-4021,63,21,1266,185,-185,-29,33.3,980,-1164,-2034,error,31.0,976.88,14.584,3,26,3,0,4,29,13,38,22,20,16,2626
1744059276.1626098,'1744059276.163397,-239,72,-4030,81,14,1301,186,-189,-42,33.25,1062,-1085,-2036,error,31.0,976.88,14.584,3,25,8,14,1,38,0,36,29,19,16,2625
1744059276.2673936,'1744059276.2682836,-184,63,-4040,65,27,1282,193,-187,-20,32.97,1116,-994,-2207,error,31.0,976.88,14.594,3,25,2,0,0,29,3,35,28,22,20,2625
1744059276.3717093,'1744059276.372523,-197,24,-4019,77,27,1262,188,-164,-23,33.11,1163,-954,-2039,error,31.0,976.88,14.589,3,24,0,5,0,37,0,35,22,15,12,2625
1744059276.4771087,'1744059276.4780407,-216,1,-4012,69,22,1330,190,-160,-29,33.16,1217,-793,-2085,error,31.0,976.88,14.589,4,28,2,3,0,31,6,34,30,22,24,2625
1744059276.5807486,'1744059276.5815966,-224,67,-4005,65,25,1281,198,-151,-25,33.35,1259,-741,-2074,error,31.0,976.88,14.589,3,25,0,4,3,36,0,30,33,22,19,2625
1744059276.6822503,'1744059276.683078,-260,-29,-4007,78,18,1276,198,-151,-35,33.11,1285,-675,-2087,error,31.01,976.88,14.584,3,24,13,2,2,22,0,34,24,17,18,2625
1744059276.788216,'1744059276.7890956,-165,25,-4010,63,30,1267,197,-127,-33,33.11,1312,-574,-2023,error,31.01,976.88,14.589,4,27,0,2,2,24,0,36,21,15,19,2625
1744059276.896184,'1744059276.8970618,-157,53,-4026,76,33,1302,220,-131,-25,33.25,1336,-465,-2122,error,31.01,976.88,14.594,4,26,0,0,0,35,1,37,29,20,20,2625
1744059276.9986196,'1744059276.999404,-236,-18,-4017,62,33,1267,209,-122,-36,32.97,1340,-358,-1942,error,31.01,976.88,14.589,3,25,10,0,1,19,2,37,26,17,21,2625
1744059277.1057374,'1744059277.106624,-183,85,-4019,68,9,1305,208,-113,-30,33.35,1361,-244,-2102,error,31.01,976.88,14.594,3,29,11,3,0,18,3,37,31,19,24,2625
1744059277.2071729,'1744059277.2079575,-196,25,-4057,64,19,1305,220,-95,-27,33.35,1373,-147,-2138,error,31.01,976.87,14.58,3,24,13,0,10,25,0,33,27,17,20,2625
1744059277.3086724,'1744059277.309559,-256,-33,-4016,71,31,1304,218,-80,-32,33.35,1362,-110,-1989,error,31.01,976.87,14.584,3,26,16,0,0,21,11,33,32,19,18,2625
1744059277.4164643,'1744059277.4174926,-225,-10,-4024,76,23,1321,217,-84,-26,33.25,1337,51,-2029,error,31.01,976.87,14.584,3,25,16,5,4,19,0,32,22,14,13,2625
1744059277.518199,'1744059277.5189893,-129,44,-4057,70,28,1271,216,-67,-23,33.11,1353,124,-2046,error,31.01,976.9,14.584,3,29,22,4,4,12,0,34,19,14,17,2625
1744059277.6198497,'1744059277.6206996,-193,13,-4017,70,25,1265,216,-70,-32,33.16,1335,197,-2032,error,31.01,976.9,14.584,3,24,23,0,0,9,0,34,27,18,28,2625
1744059277.7213557,'1744059277.72214,-157,14,-4050,79,16,1275,213,-57,-30,33.11,1250,312,-1985,error,31.01,976.9,14.575,4,26,11,1,0,19,0,34,40,21,26,2625
1744059277.8242455,'1744059277.825143,-184,-6,-4032,61,30,1284,204,-40,-26,33.3,1239,399,-2075,error,31.01,976.89,14.584,3,25,12,0,2,11,0,33,37,22,30,2625
1744059277.9305074,'1744059277.9313216,-160,32,-4034,57,22,1325,192,-40,-29,32.82,1181,478,-1904,error,31.01,976.89,14.58,4,28,22,5,0,8,7,36,44,25,32,2625
1744059278.0318038,'1744059278.032586,-197,-11,-4016,52,18,1294,192,-38,-24,33.11,1145,554,-1927,error,31.01,976.89,14.58,4,25,26,0,2,9,0,34,42,23,31,2625
1744059278.1330605,'1744059278.1338441,-153,26,-4011,78,16,1303,201,-24,-25,33.16,1080,654,-2120,error,31.01,976.89,14.584,3,25,32,4,0,2,0,35,26,15,24,2625
1744059278.2360687,'1744059278.236968,-161,73,-4044,73,25,1306,180,-28,-24,33.35,1022,699,-1959,error,31.01,976.89,14.589,3,25,28,1,1,2,0,34,36,21,28,2626
1744059278.3422482,'1744059278.3431182,-188,18,-4039,66,26,1301,180,-10,-26,33.3,917,802,-2013,error,31.01,976.88,14.58,3,26,35,1,0,2,0,34,26,17,26,2625
1744059278.4436228,'1744059278.444414,-199,-73,-3987,62,16,1262,171,3,-27,33.11,873,856,-2053,error,31.01,976.88,14.575,3,24,24,0,1,0,9,35,34,21,29,2625
1744059278.5468142,'1744059278.5477161,-165,-18,-4029,72,22,1296,169,-11,-27,33.11,835,890,-2045,error,31.01,976.88,14.584,4,23,31,0,0,2,0,34,23,16,31,2625
1744059278.6531754,'1744059278.6540241,-197,-27,-4038,74,26,1292,160,7,-26,33.35,686,952,-2007,error,31.01,976.88,14.57,3,24,22,0,0,1,0,32,30,21,36,2626
1744059278.7546897,'1744059278.7554789,-208,-7,-4010,69,19,1299,154,11,-23,33.3,629,1002,-2132,error,31.01,976.88,14.575,4,27,22,0,11,0,0,35,39,23,34,2625
1744059278.8580725,'1744059278.8589585,-201,-26,-4044,70,28,1306,135,15,-29,33.16,525,1038,-1945,error,31.01,976.88,14.58,4,27,26,5,1,5,1,34,31,22,39,2625
1744059278.9634228,'1744059278.9642472,-183,-3,-4021,68,32,1257,130,17,-31,33.16,441,1070,-1983,error,31.02,976.87,14.57,4,24,12,3,5,7,4,35,37,25,39,2625
1744059279.0649335,'1744059279.065771,-221,-35,-4026,70,28,1290,128,20,-33,33.11,353,1092,-2177,error,31.01,976.87,14.58,3,24,29,3,5,1,0,33,34,24,35,2625
1744059279.1663463,'1744059279.1671817,-126,-25,-4001,72,20,1295,102,19,-35,33.25,248,1120,-2042,error,31.02,976.87,14.56,3,28,30,12,0,6,0,35,26,19,32,2625
1744059279.267716,'1744059279.2685063,-194,-30,-4017,64,27,1275,116,10,-33,33.25,171,1123,-1973,error,31.02,976.86,14.56,3,26,24,8,4,0,0,34,28,23,37,2625
1744059279.37192,'1744059279.372844,-204,-30,-4051,69,22,1317,98,33,-33,33.3,65,1116,-2125,error,31.02,976.87,14.565,4,26,27,11,5,3,0,33,20,17,30,2626
1744059279.4769552,'1744059279.477746,-201,-50,-4016,73,22,1290,88,25,-43,33.06,-12,1128,-2113,error,31.02,976.86,14.57,3,26,22,21,0,0,2,35,19,18,34,2625
1744059279.5783055,'1744059279.5791438,-189,-6,-4005,73,19,1299,80,24,-25,33.11,-170,1110,-2102,error,31.02,976.86,14.565,4,28,13,8,1,2,0,34,32,25,35,2625
1744059279.683191,'1744059279.6841607,-172,14,-4029,70,29,1289,65,21,-30,33.25,-244,1085,-2203,error,31.02,976.87,14.56,4,27,14,16,5,3,0,34,22,22,38,2625
1744059279.7878463,'1744059279.7886271,-250,-76,-4025,62,26,1260,62,16,-37,33.11,-309,1091,-2178,error,31.02,976.87,14.565,3,23,8,17,0,4,0,30,27,27,45,2626
1744059279.8891659,'1744059279.889951,-196,-42,-3997,77,27,1322,60,34,-37,33.11,-435,1023,-2071,error,31.02,976.87,14.56,3,25,12,22,5,0,2,36,18,18,28,2625
1744059279.994183,'1744059279.9951222,-185,-39,-4021,74,24,1296,50,11,-35,33.16,-529,983,-2279,error,31.02,976.87,14.55,4,25,4,15,1,0,0,33,27,29,46,2625
1744059280.0978076,'1744059280.0985904,-224,-76,-4028,70,13,1293,51,5,-31,33.16,-620,966,-2116,error,31.02,976.88,14.565,3,28,8,29,0,13,3,35,16,20,30,2625
1744059280.2037382,'1744059280.2046254,-236,-97,-4025,58,32,1295,41,12,-33,33.35,-734,867,-2194,error,31.02,976.88,14.56,4,26,0,20,0,1,0,33,27,32,48,2625
1744059280.3068323,'1744059280.3076088,-244,-67,-4000,75,31,1283,23,-1,-30,33.16,-765,814,-2230,error,31.02,976.88,14.56,3,25,7,21,5,6,7,39,22,28,39,2625
1744059280.413309,'1744059280.4142206,-211,-72,-4006,72,20,1300,14,-15,-31,33.11,-841,782,-2221,error,31.02,976.87,14.555,3,25,11,26,1,0,2,34,26,31,43,2625
1744059280.515852,'1744059280.5166316,-187,-7,-4052,58,28,1302,1,-16,-49,33.49,-945,695,-2203,error,31.02,976.88,14.56,4,24,0,20,4,3,0,34,24,34,39,2626
1744059280.622733,'1744059280.6236281,-158,3,-4021,58,28,1311,8,-11,-35,33.11,-986,619,-2311,error,31.02,976.87,14.56,3,25,1,23,0,0,1,38,21,31,43,2624
1744059280.7304757,'1744059280.7313595,-258,-85,-4011,60,25,1262,3,-39,-52,33.25,-1067,545,-2148,error,31.02,976.88,14.56,4,27,5,24,5,3,4,32,25,34,44,2625
1744059280.8320255,'1744059280.832808,-280,-99,-3999,71,22,1298,-6,-42,-49,33.49,-1110,464,-2172,error,31.02,976.88,14.555,3,24,4,26,0,8,0,35,18,25,30,2625
1744059280.934234,'1744059280.9351733,-168,15,-4047,62,19,1295,-7,-50,-41,33.16,-1165,369,-2376,error,31.02,976.87,14.565,3,24,0,33,5,2,0,35,22,33,40,2626
1744059281.0406811,'1744059281.0414784,-183,-13,-4002,70,34,1271,-12,-45,-38,33.35,-1205,314,-2230,error,31.02,976.87,14.56,3,25,0,33,6,0,6,32,14,20,28,2625
1744059281.1436522,'1744059281.1445389,-185,-13,-3975,65,27,1268,-14,-61,-46,33.25,-1245,171,-2290,error,31.02,976.86,14.555,4,26,0,35,9,0,7,36,18,27,32,2625
1744059281.2500567,'1744059281.2508397,-206,-9,-4023,66,25,1308,-20,-77,-52,33.11,-1278,88,-2319,error,31.02,976.86,14.555,3,27,0,28,4,7,3,38,12,21,27,2625
1744059281.3531802,'1744059281.35409,-246,-52,-4031,70,17,1280,-32,-71,-41,33.25,-1293,-26,-2249,error,31.02,976.87,14.555,4,25,0,28,12,3,5,34,14,23,31,2625
1744059281.4595292,'1744059281.460317,-218,-4,-4005,72,16,1289,-33,-85,-47,33.3,-1281,-94,-2290,error,31.02,976.87,14.55,3,24,1,25,8,0,0,33,14,27,30,2625
1744059281.5626504,'1744059281.5635433,-210,-27,-3990,63,38,1270,-29,-106,-53,33.11,-1326,-198,-2376,error,31.02,976.86,14.555,3,25,0,21,18,0,7,35,12,22,25,2625
1744059281.6687038,'1744059281.669479,-260,-30,-4061,71,23,1261,-32,-109,-43,33.35,-1309,-298,-2210,error,31.02,976.87,14.56,3,25,0,20,12,2,1,37,16,32,28,2625
1744059281.7720382,'1744059281.7729807,-278,-67,-4039,76,17,1300,-23,-110,-37,32.82,-1299,-417,-2405,error,31.02,976.88,14.565,3,26,0,14,7,1,0,34,16,32,27,2624
1744059281.8803082,'1744059281.881189,-239,-7,-4033,73,23,1304,-17,-134,-46,33.35,-1306,-479,-2317,error,31.02,976.88,14.56,4,29,0,23,18,0,0,33,12,23,21,2625
1744059281.9847674,'1744059281.9855516,-223,-43,-4011,62,29,1312,-19,-132,-38,33.49,-1253,-557,-2267,error,31.02,976.88,14.56,3,26,3,8,10,4,0,33,19,36,29,2625
1744059282.0898967,'1744059282.0907843,-319,-98,-4035,61,24,1311,-14,-142,-48,33.25,-1230,-688,-2340,error,31.02,976.88,14.54,4,24,0,16,21,0,0,32,10,20,19,2625
1744059282.193918,'1744059282.1947095,-222,25,-4058,56,29,1246,-14,-152,-53,33.3,-1233,-759,-2358,error,31.02,976.88,14.555,3,23,6,9,20,2,0,35,18,32,25,2625
1744059282.2994258,'1744059282.3003068,-227,-29,-4005,57,23,1304,-16,-171,-44,32.97,-1165,-850,-2305,error,31.02,976.88,14.545,4,26,0,8,17,0,1,26,10,21,21,2625
1744059282.4029095,'1744059282.4036944,-232,-21,-4034,57,36,1315,-22,-170,-36,33.49,-1119,-945,-2435,error,31.02,976.89,14.56,3,26,0,9,18,2,0,35,15,26,25,2625
1744059282.5088186,'1744059282.5097022,-244,-11,-4026,62,25,1312,0,-160,-41,33.25,-1071,-1005,-2247,error,31.02,976.89,14.545,3,24,6,4,19,1,3,34,11,23,23,2625
1744059282.6117625,'1744059282.6125774,-206,-9,-4007,80,17,1324,4,-178,-46,33.25,-1006,-1081,-2248,error,31.03,976.89,14.547,3,24,0,1,17,6,1,34,15,29,29,2625
1744059282.7130687,'1744059282.7138388,-196,33,-4007,76,21,1319,11,-194,-56,33.11,-953,-1167,-2417,error,31.03,976.9,14.547,3,23,0,11,18,0,5,37,10,20,19,2625
1744059282.8197677,'1744059282.8207083,-266,-4,-4010,57,33,1283,3,-199,-35,33.06,-889,-1230,-2321,error,31.03,976.9,14.547,4,23,0,3,24,5,0,33,18,33,26,2625
1744059282.922459,'1744059282.9232779,-334,-87,-4024,68,20,1301,18,-194,-35,33.35,-774,-1310,-2306,error,31.03,976.9,14.547,3,27,0,0,16,0,0,35,14,26,25,2624
1744059283.0292842,'1744059283.030177,-206,3,-4013,85,24,1305,25,-207,-52,33.44,-727,-1357,-2363,error,31.03,976.91,14.551,3,25,0,1,25,11,0,34,20,32,24,2625
1744059283.131251,'1744059283.132038,-278,9,-4007,64,32,1299,34,-216,-53,33.11,-675,-1386,-2352,error,31.03,976.91,14.551,4,25,7,2,27,0,5,35,18,29,23,2625
1744059283.2385116,'1744059283.2393064,-297,9,-4035,65,19,1278,35,-217,-44,33.35,-565,-1424,-2279,error,31.03,976.91,14.536,4,26,0,2,20,3,4,35,20,32,22,2625
1744059283.3403552,'1744059283.3412654,-267,-12,-4055,71,26,1315,46,-219,-43,33.35,-468,-1479,-2384,error,31.03,976.91,14.541,3,25,0,2,24,7,4,32,20,31,22,2625
1744059283.4478886,'1744059283.4487538,-275,11,-4019,76,22,1281,60,-225,-44,33.11,-383,-1512,-2215,error,31.03,976.91,14.547,3,28,4,2,24,8,2,28,19,26,18,2625
1744059283.5494874,'1744059283.5502858,-268,-7,-4029,65,18,1295,65,-238,-39,33.25,-301,-1532,-2172,error,31.03,976.91,14.551,4,26,0,0,23,10,0,34,13,19,13,2625
1744059283.6520684,'1744059283.6529586,-307,-23,-4043,68,29,1300,75,-225,-37,33.35,-209,-1540,-2369,error,31.03,976.9,14.551,3,25,8,0,22,16,2,33,17,23,11,2625
1744059283.7586179,'1744059283.7594068,-291,-27,-4037,77,22,1288,86,-216,-36,32.97,-125,-1570,-2251,error,31.03,976.9,14.536,3,25,3,0,25,9,2,35,13,19,16,2625
1744059283.8617513,'1744059283.86271,-268,-26,-4000,68,27,1320,101,-226,-48,33.16,24,-1567,-2231,error,31.03,976.89,14.536,4,26,0,1,18,10,3,35,13,19,9,2625
1744059283.9684298,'1744059283.9700263,-311,-64,-3999,58,30,1293,96,-231,-24,33.35,68,-1562,-2290,error,31.03,976.88,14.536,4,26,2,2,9,14,3,35,17,23,17,2625
1744059284.0706925,'1744059284.0714893,-275,-24,-4027,74,21,1286,101,-221,-29,33.25,140,-1558,-2264,error,31.03,976.88,14.536,3,25,0,0,10,14,0,34,22,27,21,2625
1744059284.172201,'1744059284.173047,-200,51,-4045,63,21,1291,129,-217,-32,33.16,263,-1531,-2197,error,31.03,976.87,14.547,4,25,0,2,16,21,1,35,23,25,18,2625
1744059284.2738256,'1744059284.2746522,-294,-11,-4001,54,34,1279,129,-220,-32,33.35,358,-1507,-2317,error,31.03,976.87,14.547,3,28,3,3,15,21,0,33,18,21,9,2625
1744059284.3753636,'1744059284.3762074,-230,-11,-4033,77,18,1307,141,-225,-42,33.11,452,-1504,-2107,error,31.03,976.87,14.531,4,24,0,4,14,19,3,33,14,17,9,2624
1744059284.4769466,'1744059284.4777486,-189,81,-4023,71,26,1277,134,-202,-35,33.59,528,-1454,-2105,error,31.03,976.87,14.541,4,25,0,0,1,21,0,34,22,23,20,2625
1744059284.5800612,'1744059284.5809603,-246,58,-4005,69,39,1310,156,-220,-35,33.25,627,-1389,-2268,error,31.03,976.87,14.541,3,24,3,2,5,22,3,34,15,17,13,2625
1744059284.6861956,'1744059284.686985,-196,43,-4013,67,36,1323,146,-210,-18,33.35,704,-1366,-2156,error,31.03,976.87,14.536,3,24,0,0,2,34,0,34,26,24,19,2625
1744059284.7894409,'1744059284.790329,-231,4,-4043,70,27,1304,155,-203,-36,33.25,806,-1293,-2149,error,31.03,976.89,14.536,3,26,1,5,4,28,0,34,25,23,19,2625
1744059284.897671,'1744059284.898628,-255,3,-4023,71,17,1263,174,-207,-32,33.3,871,-1255,-2187,error,31.03,976.89,14.541,3,29,0,2,9,25,8,37,15,15,12,2625
1744059285.0026739,'1744059285.0034666,-204,63,-4007,82,21,1289,170,-188,-31,33.25,922,-1174,-2159,error,31.03,976.9,14.536,4,25,8,0,1,35,0,32,21,19,16,2625
1744059285.1039975,'1744059285.1047988,-195,53,-4030,68,26,1289,172,-185,-29,33.3,1011,-1111,-2086,error,31.03,976.9,14.531,3,26,2,0,0,33,2,36,21,16,10,2625
1744059285.2090228,'1744059285.2099316,-260,34,-4035,70,14,1304,190,-160,-38,33.16,1073,-1033,-2209,error,31.03,976.9,14.551,4,24,4,0,1,26,0,35,25,20,18,2625
1744059285.31313,'1744059285.3139093,-254,38,-3998,77,15,1320,191,-164,-32,33.25,1130,-964,-1998,error,31.03,976.9,14.536,4,26,4,0,0,39,0,37,16,14,7,2625
1744059285.4186678,'1744059285.4195616,-226,38,-4012,77,21,1271,197,-173,-21,33.16,1186,-829,-2138,error,31.03,976.89,14.541,3,23,0,7,2,27,0,33,28,21,20,2625
1744059285.5222156,'1744059285.5230072,-214,21,-4050,67,22,1301,185,-150,-26,33.3,1249,-761,-2160,error,31.03,976.85,14.531,4,23,2,2,0,37,0,35,19,15,17,2625
1744059285.6282396,'1744059285.6291335,-195,8,-4034,65,36,1302,208,-141,-39,33.3,1268,-729,-2060,error,31.03,976.86,14.536,3,25,0,0,0,25,2,31,31,21,24,2625
1744059285.7310426,'1744059285.731832,-201,-9,-4033,62,36,1281,207,-137,-36,33.25,1299,-585,-2054,error,31.03,976.89,14.536,3,25,4,0,0,24,1,35,26,18,21,2624
1744059285.8378682,'1744059285.8387501,-304,-38,-4018,73,20,1315,214,-132,-33,32.82,1327,-491,-2096,error,31.03,976.89,14.531,3,28,10,5,0,30,1,30,31,21,23,2625
1744059285.94029,'1744059285.941136,-217,12,-4034,73,18,1289,212,-114,-26,33.35,1344,-415,-1943,error,31.03,976.89,14.527,4,25,6,1,2,33,0,34,24,16,11,2625
1744059286.0418234,'1744059286.0426023,-143,64,-4043,65,37,1279,224,-101,-26,33.11,1351,-331,-2006,error,31.03,976.89,14.536,4,25,6,0,3,26,0,31,20,14,9,2625
1744059286.1431537,'1744059286.1439443,-237,-8,-4012,66,25,1296,219,-99,-31,33.11,1369,-227,-2137,error,31.03,976.89,14.531,3,25,12,2,1,27,8,33,23,16,15,2625
1744059286.2503703,'1744059286.251192,-189,32,-4002,68,12,1286,213,-98,-32,33.25,1354,-140,-1940,error,31.03,976.88,14.531,3,28,21,6,0,24,0,34,20,14,17,2625
1744059286.3524508,'1744059286.3533645,-193,-19,-3971,70,13,1259,212,-94,-24,33.16,1358,-2,-2058,error,31.03,976.88,14.531,3,28,16,0,0,20,0,32,23,15,16,2625
1744059286.4590049,'1744059286.4598205,-237,-38,-4044,73,32,1273,217,-81,-31,33.3,1355,82,-2085,error,31.03,976.88,14.527,4,24,16,1,3,13,1,34,22,15,20,2625
1744059286.5609753,'1744059286.5617635,-247,-19,-4020,71,27,1327,218,-70,-25,33.06,1342,132,-2010,error,31.03,976.89,14.536,3,25,16,0,0,8,0,36,35,20,26,2625
1744059286.66384,'1744059286.6647272,-194,1,-4022,70,12,1291,202,-61,-33,33.11,1277,273,-2003,error,31.03,976.88,14.527,3,25,16,3,6,8,0,30,27,18,28,2624
1744059286.7701535,'1744059286.7709427,-181,-2,-4039,62,26,1289,203,-57,-20,33.44,1290,356,-2060,error,31.03,976.88,14.531,3,29,24,1,0,9,3,36,38,21,26,2625
1744059286.8731863,'1744059286.8740768,-189,5,-4016,60,44,1273,204,-43,-33,33.11,1205,457,-1930,error,31.03,976.88,14.536,3,28,16,9,1,1,0,33,33,20,28,2625
1744059286.9796042,'1744059286.9804502,-237,-60,-3994,70,24,1289,202,-45,-38,33.3,1162,520,-1970,error,31.03,976.88,14.531,4,26,20,0,3,9,6,34,39,22,32,2626
1744059287.081099,'1744059287.0818772,-114,59,-4006,65,15,1300,193,-42,-25,33.16,1100,611,-2117,error,31.03,976.88,14.531,3,24,28,3,0,11,0,33,25,15,22,2625
1744059287.1843467,'1744059287.1852462,-150,60,-4043,62,24,1293,188,-21,-25,33.25,1045,672,-1930,error,31.03,976.88,14.531,3,25,30,0,0,12,0,35,34,20,28,2625
1744059287.2906485,'1744059287.2914371,-221,-25,-4016,61,27,1293,193,-16,-42,33.3,958,775,-2064,error,31.03,976.87,14.531,3,28,32,0,0,7,0,37,22,15,26,2625
1744059287.3940136,'1744059287.394911,-206,-16,-4045,75,18,1303,172,-12,-33,33.49,928,812,-2042,error,31.03,976.88,14.522,3,29,33,0,0,2,1,37,31,19,32,2625
1744059287.4995549,'1744059287.500339,-153,24,-4055,71,29,1266,175,-5,-36,33.3,857,867,-2023,error,31.03,976.87,14.527,3,24,32,0,0,4,0,34,32,20,28,2625
1744059287.6040092,'1744059287.6048925,-139,60,-4077,63,31,1269,169,1,-30,33.11,716,934,-2019,error,31.04,976.88,14.527,3,24,28,0,0,0,0,32,27,18,30,2625
1744059287.7083955,'1744059287.7091684,-231,-43,-4024,74,20,1299,143,5,-31,33.06,686,980,-2082,error,31.03,976.88,14.531,3,26,21,0,1,1,7,38,36,23,33,2625
1744059287.8132803,'1744059287.8141603,-240,-108,-4015,83,16,1289,143,0,-29,33.16,565,1015,-1977,error,31.03,976.89,14.531,4,25,23,9,0,0,0,34,33,23,34,2625
1744059287.9212267,'1744059287.922103,-229,-54,-3999,80,16,1270,137,16,-27,33.44,493,1052,-2171,error,31.03,976.88,14.522,3,26,29,15,0,0,1,37,28,19,32,2625
1744059288.0247536,'1744059288.025587,-181,11,-4052,81,16,1314,129,21,-35,33.25,385,1074,-2167,error,31.04,976.88,14.531,3,24,29,13,0,4,0,33,20,17,28,2624
1744059288.1262517,'1744059288.1270754,-209,-52,-3994,68,27,1278,118,20,-29,33.35,294,1099,-1976,error,31.04,976.88,14.527,3,25,34,6,3,3,5,39,31,19,34,2625
1744059288.2326744,'1744059288.2335627,-200,-70,-3995,73,33,1285,104,24,-30,33.16,166,1118,-2123,error,31.04,976.88,14.527,4,25,19,3,2,5,0,33,20,17,31,2625
1744059288.3352482,'1744059288.3360505,-213,-73,-4004,78,24,1308,92,24,-18,33.11,112,1140,-2098,error,31.04,976.89,14.527,3,25,21,14,4,2,0,35,22,18,29,2624
1744059288.4421775,'1744059288.4431388,-207,-62,-4025,69,22,1284,91,33,-36,33.11,-51,1117,-2071,error,31.04,976.89,14.522,4,27,14,15,0,2,3,33,19,19,34,2625
1744059288.5440366,'1744059288.544826,-140,-19,-3988,73,11,1314,91,22,-43,33.25,-123,1112,-2200,error,31.04,976.89,14.512,3,24,24,19,3,5,0,33,18,17,31,2625
1744059288.6512063,'1744059288.651993,-169,-21,-4025,65,31,1293,80,21,-30,33.11,-166,1093,-2162,error,31.04,976.89,14.522,4,25,19,16,0,0,0,33,19,19,35,2625
1744059288.7524219,'1744059288.7532384,-278,-88,-4015,75,35,1278,62,6,-30,33.16,-312,1066,-2063,error,31.04,976.88,14.527,3,25,12,14,0,0,0,35,26,25,38,2625
1744059288.8542356,'1744059288.8551702,-230,-64,-4018,63,34,1301,60,16,-25,33.06,-416,1031,-2253,error,31.04,976.88,14.531,4,23,12,20,0,4,3,34,19,21,37,2625
1744059288.9610834,'1744059288.9618614,-144,-11,-4032,70,34,1313,62,11,-44,33.16,-520,1017,-2104,error,31.04,976.89,14.527,3,26,8,19,0,0,0,37,27,29,42,2624
1744059289.063891,'1744059289.0648613,-181,-41,-4047,77,30,1292,40,3,-44,33.35,-620,928,-2136,error,31.04,976.89,14.517,3,25,6,20,1,0,0,32,24,27,42,2625
1744059289.171109,'1744059289.1719213,-185,-40,-4050,67,29,1292,33,16,-32,33.35,-678,888,-2229,error,31.04,976.89,14.517,3,26,0,22,0,0,0,33,26,29,42,2625
1744059289.272556,'1744059289.2733843,-212,-81,-4034,66,14,1330,17,7,-36,33.25,-740,860,-2190,error,31.04,976.89,14.527,4,24,0,26,5,0,0,34,21,24,35,2625
1744059289.3740077,'1744059289.3748178,-245,-74,-4034,74,20,1273,17,2,-38,33.25,-859,784,-2171,error,31.04,976.89,14.522,4,27,2,29,0,1,4,35,14,19,33,2625
1744059289.4761586,'1744059289.4770012,-181,-1,-4075,72,28,1304,8,-16,-42,33.06,-915,745,-2204,error,31.04,976.89,14.522,3,25,0,25,5,0,1,33,15,22,38,2625
1744059289.5775573,'1744059289.578358,-208,-50,-4002,68,28,1264,8,-19,-47,33.11,-961,658,-2271,error,31.04,976.88,14.517,4,24,0,20,0,0,2,39,20,28,39,2625
1744059289.6789088,'1744059289.6796978,-215,-99,-4005,73,22,1304,-3,-31,-52,33.25,-1034,575,-2175,error,31.04,976.89,14.527,3,28,0,20,8,0,0,32,22,31,43,2625
1744059289.7801394,'1744059289.7809238,-142,-36,-4033,68,31,1283,-6,-44,-47,33.11,-1085,511,-2183,error,31.04,976.89,14.527,4,24,3,24,5,0,0,34,21,28,37,2625
1744059289.8814266,'1744059289.8822057,-249,-60,-4052,66,33,1280,-16,-44,-44,33.25,-1147,421,-2365,error,31.04,976.89,14.527,4,25,5,32,1,0,0,36,13,19,28,2625
1744059289.9843218,'1744059289.9852154,-231,-44,-4037,64,11,1332,-18,-36,-35,33.35,-1185,355,-2181,error,31.04,976.89,14.508,3,24,0,32,2,1,1,35,17,24,32,2625
1744059290.090844,'1744059290.0917096,-201,-47,-4007,75,23,1296,-16,-54,-47,33.3,-1223,206,-2323,error,31.04,976.88,14.517,4,26,2,26,7,1,4,34,12,20,28,2626
1744059290.1924489,'1744059290.1932619,-280,-97,-4036,73,25,1290,-18,-75,-44,33.35,-1275,129,-2351,error,31.04,976.89,14.517,3,25,0,22,4,1,2,37,13,23,33,2625
1744059290.2938783,'1744059290.2946694,-245,-60,-4038,61,21,1290,-14,-73,-53,33.06,-1289,85,-2283,error,31.04,976.89,14.517,3,23,3,18,9,5,2,34,16,30,33,2625
1744059290.3953614,'1744059290.3961604,-215,-58,-4014,63,23,1267,-19,-84,-48,33.25,-1300,-30,-2296,error,31.04,976.88,14.512,3,27,0,19,11,0,0,33,19,34,37,2625
1744059290.4966443,'1744059290.4974272,-266,-60,-4048,75,26,1273,-32,-89,-41,33.11,-1309,-149,-2348,error,31.04,976.88,14.512,4,26,0,25,15,1,0,36,14,24,27,2625
1744059290.5996535,'1744059290.600551,-229,-43,-4023,66,23,1299,-27,-96,-48,33.16,-1326,-197,-2339,error,31.04,976.87,14.531,4,23,0,15,12,0,5,34,18,32,32,2625
1744059290.7057679,'1744059290.7065618,-268,-101,-4034,64,17,1302,-32,-99,-43,33.35,-1312,-328,-2273,error,31.04,976.88,14.508,3,25,0,22,14,5,0,34,11,19,25,2625
1744059290.8089068,'1744059290.8097968,-262,-91,-3994,70,24,1295,-25,-115,-56,33.44,-1300,-427,-2429,error,31.04,976.88,14.517,3,25,1,18,24,8,3,35,15,27,32,2625
1744059290.9150555,'1744059290.9158442,-257,-20,-4041,65,24,1297,-30,-136,-54,33.11,-1268,-512,-2240,error,31.04,976.88,14.517,3,27,2,21,17,0,2,37,10,20,23,2625
1744059291.0182834,'1744059291.0192173,-234,-47,-4011,70,26,1295,-29,-134,-36,33.49,-1253,-654,-2362,error,31.04,976.89,14.503,3,28,2,16,17,9,0,34,15,26,29,2625
1744059291.1237001,'1744059291.124545,-220,15,-4019,83,26,1286,-18,-151,-47,33.16,-1238,-697,-2411,error,31.04,976.9,14.517,4,24,0,16,20,0,0,32,10,20,17,2625
1744059291.2253046,'1744059291.226116,-252,3,-3994,62,22,1283,-17,-155,-53,33.35,-1223,-766,-2338,error,31.04,976.9,14.517,4,24,0,9,24,0,1,34,10,22,21,2625
1744059291.326667,'1744059291.3274553,-337,-72,-3991,75,26,1305,-4,-163,-50,33.25,-1116,-877,-2333,error,31.04,976.89,14.522,3,29,0,2,14,3,2,34,13,27,28,2625
1744059291.4281654,'1744059291.4289708,-211,-24,-4047,76,21,1337,-4,-168,-55,33.16,-1114,-963,-2350,error,31.04,976.9,14.503,4,23,2,4,20,2,0,32,16,31,25,2625
1744059291.5295062,'1744059291.5302918,-226,-22,-4000,78,25,1279,1,-187,-54,33.35,-1079,-1031,-2373,error,31.04,976.9,14.512,3,25,0,4,29,2,2,34,10,19,15,2625
1744059291.6336887,'1744059291.6345708,-307,-46,-4038,70,13,1295,0,-188,-38,33.25,-993,-1098,-2292,error,31.04,976.91,14.512,4,24,0,0,22,0,2,31,16,31,22,2625
1744059291.7384615,'1744059291.73928,-219,22,-4035,67,26,1325,3,-187,-49,33.3,-914,-1188,-2438,error,31.04,976.91,14.508,3,28,1,5,23,0,0,36,14,25,19,2625
1744059291.839825,'1744059291.8406026,-236,-5,-4009,70,20,1285,14,-191,-43,33.3,-853,-1246,-2233,error,31.04,976.91,14.512,3,24,0,4,16,1,8,34,11,22,23,2624
1744059291.944376,'1744059291.9452727,-236,53,-4032,75,26,1280,29,-203,-48,33.35,-789,-1275,-2224,error,31.04,976.91,14.517,3,23,0,6,31,1,0,34,13,23,13,2625
1744059292.0487964,'1744059292.0495749,-244,21,-4035,73,20,1302,32,-211,-31,33.3,-725,-1349,-2401,error,31.04,976.91,14.512,4,24,5,3,29,4,1,34,11,18,11,2625
1744059292.1502519,'1744059292.151151,-264,-14,-4023,61,24,1290,39,-213,-41,33.35,-632,-1402,-2312,error,31.04,976.91,14.517,4,27,2,3,20,4,11,35,10,20,13,2625
1744059292.2518766,'1744059292.2526758,-258,-22,-4045,73,22,1290,38,-217,-35,33.25,-503,-1442,-2303,error,31.04,976.91,14.512,4,23,0,0,20,0,1,34,15,24,22,2625
1744059292.3533578,'1744059292.3541765,-260,14,-4030,62,21,1271,45,-212,-39,33.35,-444,-1480,-2312,error,31.04,976.91,14.503,4,25,2,2,21,5,4,35,17,27,18,2625
1744059292.4548438,'1744059292.4556317,-246,-22,-4037,65,30,1297,48,-225,-37,33.49,-394,-1501,-2332,error,31.04,976.91,14.508,4,25,0,7,24,8,6,34,17,24,13,2625
1744059292.5560896,'1744059292.5568643,-241,-16,-3990,71,25,1297,69,-211,-46,33.3,-282,-1527,-2244,error,31.04,976.9,14.517,3,29,1,0,18,6,4,34,14,22,19,2625
1744059292.6614363,'1744059292.6623144,-269,4,-4028,78,17,1282,69,-219,-48,33.11,-170,-1548,-2252,error,31.04,976.9,14.498,4,23,2,0,30,12,0,33,16,23,9,2625
1744059292.764814,'1744059292.7655869,-279,1,-4045,79,22,1296,87,-227,-52,33.3,-105,-1574,-2339,error,31.04,976.9,14.503,3,25,4,0,27,26,9,35,13,19,9,2625
1744059292.8660672,'1744059292.86684,-222,25,-4018,69,31,1313,86,-231,-38,33.44,2,-1569,-2156,error,31.04,976.9,14.503,3,24,5,0,20,8,0,35,21,26,18,2624
1744059292.9719858,'1744059292.972866,-271,-15,-4054,70,23,1282,106,-216,-33,33.11,119,-1540,-2319,error,31.04,976.9,14.512,4,27,0,1,21,17,0,32,13,17,7,2625
1744059293.0748546,'1744059293.0756285,-284,-25,-4027,68,22,1316,108,-221,-36,33.44,170,-1526,-2338,error,31.04,976.9,14.517,4,23,9,0,19,16,1,28,12,17,6,2624
1744059293.1762524,'1744059293.177088,-235,21,-4005,72,20,1261,118,-216,-43,33.06,260,-1558,-2198,error,31.05,976.89,14.498,3,25,0,0,12,15,8,33,17,22,12,2625
1744059293.277789,'1744059293.27858,-208,63,-3999,64,31,1292,118,-226,-41,33.35,384,-1477,-2235,error,31.05,976.9,14.508,4,25,0,0,8,26,1,36,22,24,16,2625
1744059293.3795266,'1744059293.3803353,-265,14,-4008,64,29,1291,134,-222,-39,33.35,444,-1469,-2269,error,31.05,976.9,14.512,3,24,4,0,5,35,0,33,22,22,11,2624
1744059293.480926,'1744059293.481705,-253,-28,-4021,63,11,1275,138,-221,-38,33.25,515,-1456,-2230,error,31.05,976.9,14.512,3,25,2,0,9,36,0,36,18,18,7,2625
1744059293.5822065,'1744059293.5829844,-197,72,-4009,69,23,1330,145,-221,-33,33.35,639,-1401,-2156,error,31.05,976.9,14.503,3,26,3,1,9,28,0,34,25,22,17,2625
1744059293.688673,'1744059293.6895523,-215,84,-4009,59,25,1298,148,-201,-38,33.06,712,-1351,-2255,error,31.05,976.9,14.512,3,25,5,0,5,33,4,36,16,15,5,2625
1744059293.7912147,'1744059293.7919893,-237,35,-4047,69,19,1292,158,-201,-43,33.35,801,-1311,-2071,error,31.05,976.9,14.498,3,25,5,0,0,32,0,35,15,15,8,2625
1744059293.8924372,'1744059293.8932078,-175,37,-4004,70,19,1293,165,-196,-38,33.11,876,-1252,-2061,error,31.05,976.9,14.517,3,24,0,3,4,36,0,35,19,16,10,2625
1744059293.999215,'1744059294.000108,-183,91,-4011,67,21,1266,174,-197,-27,33.35,940,-1170,-2231,error,31.05,976.89,14.512,3,25,8,0,2,30,0,32,16,14,7,2625
1744059294.100978,'1744059294.103817,-217,21,-4043,77,15,1299,172,-183,-26,33.35,1004,-1147,-2088,error,31.05,976.89,14.503,4,25,0,0,3,24,5,34,27,22,20,2625
1744059294.2046914,'1744059294.2055633,-182,20,-4025,76,37,1312,187,-175,-38,33.35,1075,-1013,-2127,error,31.05,976.89,14.512,3,27,1,0,9,27,2,34,27,22,20,2625
1744059294.312223,'1744059294.313025,-240,14,-4014,79,27,1311,193,-177,-37,33.06,1128,-953,-2107,error,31.04,976.9,14.508,3,24,0,0,1,38,1,34,28,21,15,2625
1744059294.413907,'1744059294.4147441,-240,-1,-4036,71,27,1285,203,-164,-27,33.35,1167,-890,-2130,error,31.05,976.89,14.512,4,25,0,2,3,34,6,35,22,17,10,2625
1744059294.515325,'1744059294.5161157,-196,62,-4044,60,30,1303,199,-155,-24,33.25,1230,-791,-2041,error,31.05,976.89,14.498,4,26,6,3,3,26,0,36,17,13,13,2624
1744059294.6177876,'1744059294.6186838,-201,37,-4044,67,22,1274,195,-147,-26,33.35,1279,-700,-2151,error,31.05,976.89,14.517,3,23,6,0,0,31,0,32,20,14,8,2625
1744059294.724697,'1744059294.7254844,-229,25,-4044,65,19,1291,204,-122,-33,33.35,1284,-605,-1996,error,31.05,976.89,14.517,3,25,7,2,7,27,4,36,18,14,11,2625
1744059294.825938,'1744059294.8267179,-145,78,-3996,66,15,1291,208,-118,-25,33.3,1326,-528,-1988,error,31.05,976.89,14.503,3,26,6,2,0,26,1,31,29,18,23,2625
1744059294.9284477,'1744059294.9293363,-224,7,-4067,60,29,1297,198,-120,-32,33.44,1343,-408,-2155,error,31.05,976.89,14.503,3,25,15,8,1,21,0,33,22,17,19,2625
1744059295.0352871,'1744059295.0360658,-226,28,-4060,66,35,1344,213,-118,-27,33.11,1354,-369,-2017,error,31.05,976.89,14.493,3,24,9,8,1,19,0,34,29,20,24,2624
1744059295.136524,'1744059295.1372943,-222,20,-3995,72,17,1265,217,-101,-33,33.35,1336,-199,-2075,error,31.05,976.89,14.503,3,26,17,3,0,20,0,34,34,19,20,2625
1744059295.2394998,'1744059295.2404501,-166,-1,-4043,84,11,1270,216,-95,-35,33.35,1367,-99,-2057,error,31.05,976.91,14.493,4,24,12,2,0,22,2,34,35,21,25,2625
1744059295.346314,'1744059295.347199,-127,42,-4031,74,35,1295,208,-95,-35,33.06,1373,-54,-2047,error,31.05,976.91,14.512,4,25,18,0,7,25,0,34,29,18,20,2625
1744059295.4483259,'1744059295.449184,-233,1,-4019,65,21,1260,209,-84,-24,33.35,1336,64,-1983,error,31.05,976.91,14.503,3,24,22,0,0,10,0,32,22,14,15,2625
1744059295.5497742,'1744059295.5505614,-210,-2,-3998,68,21,1307,207,-76,-29,33.25,1322,177,-2097,error,31.05,976.91,14.498,4,28,11,5,1,7,3,36,29,18,26,2625
1744059295.6526937,'1744059295.6535883,-84,32,-4015,63,31,1285,206,-54,-27,33.25,1294,242,-1930,error,31.05,976.92,14.508,3,26,28,0,0,11,4,33,21,14,20,2625
1744059295.7590897,'1744059295.7598844,-239,-52,-4025,57,22,1260,202,-45,-31,33.59,1267,335,-1946,error,31.05,976.92,14.508,4,26,16,10,1,6,1,36,26,18,27,2625
1744059295.860395,'1744059295.8611722,-302,-67,-3988,79,20,1290,201,-47,-37,33.11,1222,441,-2119,error,31.05,976.93,14.498,3,24,19,3,0,7,0,36,40,22,26,2625
1744059295.963303,'1744059295.9641912,-192,-34,-4003,64,16,1293,197,-45,-21,33.25,1165,489,-1970,error,31.05,976.92,14.508,3,24,25,1,0,9,0,33,34,20,29,2625
1744059296.0696902,'1744059296.0704799,-157,-26,-4000,65,38,1272,186,-31,-20,33.3,1076,625,-2052,error,31.05,976.93,14.488,3,24,20,2,0,5,0,34,39,23,34,2625
1744059296.170965,'1744059296.1717477,-220,-40,-4013,59,37,1290,196,-26,-27,33.44,1066,686,-2053,error,31.05,976.93,14.503,4,26,30,0,0,17,0,34,30,17,27,2625
1744059296.274225,'1744059296.2752335,-201,-39,-3991,59,18,1300,193,-14,-39,33.06,1012,727,-2025,error,31.05,976.94,14.503,4,24,27,9,1,7,1,34,36,21,29,2625
1744059296.3808515,'1744059296.381678,-140,3,-4038,67,25,1294,183,-16,-23,33.16,891,810,-1978,error,31.05,976.94,14.493,3,25,30,1,6,2,0,33,27,16,28,2625
1744059296.4823122,'1744059296.4831455,-175,-17,-4028,64,37,1324,166,1,-30,33.44,843,879,-2099,error,31.05,976.94,14.498,4,27,40,0,0,2,0,35,22,15,27,2625
1744059296.5836334,'1744059296.584409,-268,-107,-3994,72,31,1248,166,-1,-18,33.35,807,917,-2073,error,31.05,976.93,14.498,3,26,18,0,1,4,1,35,36,23,32,2624
1744059296.6868055,'1744059296.6877017,-178,18,-4032,72,34,1308,148,10,-21,33.16,676,966,-1959,error,31.05,976.93,14.503,3,25,28,1,0,2,0,33,23,17,33,2625
1744059296.7928162,'1744059296.7935963,-126,14,-4036,77,31,1302,146,14,-30,33.35,591,1012,-2145,error,31.05,976.93,14.503,3,24,21,3,0,7,0,35,39,25,37,2625
1744059296.896324,'1744059296.8972082,-152,30,-4060,45,33,1265,134,14,-27,33.16,491,1044,-2000,error,31.05,976.92,14.503,4,29,28,8,0,4,1,35,22,18,32,2625
1744059297.001226,'1744059297.0020027,-205,-19,-4025,69,17,1323,128,28,-31,33.3,365,1074,-2067,error,31.05,976.92,14.498,4,27,21,1,0,1,0,34,35,22,34,2625
1744059297.1057432,'1744059297.1066194,-165,-5,-3996,79,6,1275,124,24,-35,33.35,322,1097,-2106,error,31.05,976.94,14.493,3,24,21,2,0,0,0,34,23,19,37,2625
1744059297.2101002,'1744059297.2108815,-190,23,-4061,72,21,1297,107,21,-32,33.35,247,1115,-2087,error,31.05,976.93,14.503,3,25,16,16,0,3,6,35,28,19,31,2625
1744059297.3152964,'1744059297.316243,-200,-49,-4032,59,30,1283,106,25,-26,33.59,80,1130,-2068,error,31.05,976.93,14.493,3,25,10,17,0,0,4,32,29,24,42,2625
1744059297.4199865,'1744059297.420782,-157,-24,-4003,63,22,1264,95,26,-27,33.06,28,1123,-2157,error,31.05,976.92,14.508,3,28,1,13,5,6,0,34,32,26,39,2624
1744059297.5212588,'1744059297.5220375,-242,-122,-4020,79,19,1269,93,20,-26,33.06,-101,1112,-2041,error,31.05,976.92,14.488,4,23,17,22,0,0,0,35,20,19,32,2625
1744059297.626767,'1744059297.6276531,-245,-45,-4008,61,18,1297,81,15,-41,33.49,-181,1102,-2051,error,31.05,976.92,14.503,4,24,10,12,0,4,0,33,29,26,42,2625
1744059297.7302055,'1744059297.7310095,-163,-19,-4009,71,17,1286,71,17,-48,33.25,-296,1077,-2246,error,31.05,976.92,14.503,4,24,11,20,0,0,3,35,23,21,36,2625
1744059297.831623,'1744059297.8323991,-209,-56,-4031,64,25,1304,53,11,-37,33.44,-385,1067,-2073,error,31.05,976.92,14.493,3,25,18,12,8,0,0,37,28,29,40,2625
1744059297.9375312,'1744059297.93844,-228,-42,-4008,65,26,1312,54,20,-38,33.35,-498,995,-2168,error,31.05,976.91,14.498,3,27,8,31,8,0,0,31,20,20,31,2625
1744059298.0404243,'1744059298.0411947,-220,13,-4032,64,27,1280,37,17,-43,33.25,-558,968,-2209,error,31.05,976.91,14.498,3,26,7,17,1,0,2,36,27,29,40,2624
1744059298.1468503,'1744059298.1477318,-238,-45,-4009,63,12,1296,23,19,-42,33.44,-624,939,-2178,error,31.05,976.91,14.503,3,23,7,31,0,1,5,36,17,19,31,2624
1744059298.2492998,'1744059298.2500765,-169,13,-4027,70,35,1294,33,8,-35,33.44,-757,866,-2166,error,31.05,976.91,14.498,3,25,5,22,8,0,5,37,23,25,36,2625
1744059298.356503,'1744059298.3574824,-206,-44,-4060,65,32,1284,22,2,-43,33.3,-807,807,-2246,error,31.05,976.9,14.493,4,25,1,28,0,3,1,35,14,18,33,2624
1744059298.458665,'1744059298.4594612,-252,-88,-4004,65,16,1286,14,-10,-46,33.25,-898,738,-2125,error,31.05,976.9,14.503,4,27,1,21,2,7,2,36,16,23,34,2624
1744059298.5599916,'1744059298.5607893,-221,-52,-3998,74,21,1297,9,-15,-53,33.11,-978,681,-2165,error,31.05,976.9,14.498,3,24,6,28,1,0,0,37,13,19,34,2625
1744059298.667608,'1744059298.668441,-217,-77,-4032,67,36,1275,0,-28,-41,33.25,-1020,595,-2373,error,31.05,976.9,14.493,3,25,0,20,8,0,1,33,18,26,37,2625
1744059298.769203,'1744059298.7700224,-192,-3,-4040,61,33,1281,2,-30,-41,33.35,-1077,538,-2175,error,31.05,976.9,14.488,3,25,7,27,0,0,5,36,20,30,39,2624
1744059298.8706872,'1744059298.8714845,-276,-69,-4026,68,17,1269,-16,-36,-42,33.49,-1141,398,-2283,error,31.05,976.9,14.493,3,28,4,23,2,0,2,33,20,27,35,2625
1744059298.9719813,'1744059298.9727805,-238,-61,-4042,79,23,1313,-22,-40,-33,33.3,-1179,329,-2324,error,31.05,976.9,14.498,3,23,5,32,0,1,0,34,15,24,35,2625
1744059299.073273,'1744059299.074051,-233,-64,-4018,70,31,1326,-25,-57,-39,33.35,-1219,281,-2279,error,31.05,976.9,14.493,3,24,0,28,7,13,6,39,11,19,28,2625
1744059299.175811,'1744059299.176743,-300,-89,-4014,74,11,1307,-17,-66,-50,33.44,-1255,161,-2273,error,31.05,976.9,14.488,3,25,7,23,9,0,0,34,12,21,27,2625
1744059299.282347,'1744059299.2832012,-310,-115,-4036,70,21,1290,-20,-80,-37,33.11,-1282,59,-2347,error,31.05,976.9,14.493,3,26,0,29,8,5,2,34,10,20,28,2625
1744059299.3841274,'1744059299.384973,-185,8,-4026,63,34,1286,-30,-80,-32,33.25,-1299,3,-2336,error,31.06,976.9,14.488,4,25,0,22,11,0,0,34,14,27,34,2625
1744059299.4857533,'1744059299.486547,-284,-91,-4037,73,28,1251,-24,-84,-33,33.3,-1313,-122,-2253,error,31.06,976.91,14.493,3,24,0,18,10,4,4,33,16,31,32,2625
1744059299.5872679,'1744059299.588062,-269,-75,-4003,66,19,1296,-35,-90,-47,33.35,-1307,-224,-2437,error,31.05,976.91,14.493,3,26,4,19,25,0,4,33,17,29,31,2625
1744059299.6885395,'1744059299.6893215,-210,6,-4017,61,30,1305,-27,-106,-43,33.44,-1317,-301,-2378,error,31.05,976.91,14.493,3,25,0,23,19,3,0,37,10,19,22,2625
1744059299.7915742,'1744059299.7924695,-247,-32,-4031,73,26,1301,-16,-131,-49,32.92,-1288,-392,-2223,error,31.06,976.91,14.488,4,24,2,21,18,2,0,32,14,25,27,2625
1744059299.8978732,'1744059299.8986628,-247,-37,-4038,73,17,1297,-20,-136,-35,33.59,-1296,-525,-2390,error,31.05,976.91,14.488,3,25,4,19,16,0,1,36,11,21,22,2624
1744059299.999162,'1744059299.999942,-287,-109,-3991,73,28,1303,-18,-143,-44,33.3,-1274,-583,-2344,error,31.05,976.91,14.503,3,27,0,9,17,0,10,35,12,26,25,2624
1744059300.1021833,'1744059300.1031253,-294,-77,-4012,70,33,1306,-17,-147,-46,33.16,-1218,-693,-2320,error,31.05,976.91,14.503,3,28,1,16,22,0,0,35,9,20,18,2624
1744059300.20834,'1744059300.2091246,-226,12,-4027,61,20,1287,0,-150,-46,33.49,-1190,-758,-2342,error,31.05,976.91,14.498,4,25,0,16,15,2,7,35,11,22,26,2625
1744059300.3096802,'1744059300.3104727,-290,-114,-4024,74,18,1264,-3,-161,-52,33.35,-1182,-856,-2375,error,31.05,976.91,14.488,3,26,7,4,3,3,0,34,2,4,0,2625
1744059300.414025,'1744059300.4148982,-250,15,-4044,68,39,1296,-13,-169,-47,33.44,-1112,-930,-2295,error,31.06,976.91,14.483,4,23,8,1,0,6,0,31,0,2,0,2625
1744059300.5157275,'1744059300.516524,-252,13,-4067,59,27,1315,6,-179,-44,33.3,-1074,-1018,-2455,error,31.06,976.91,14.488,3,26,0,3,0,0,2,35,0,1,0,2625
1744059300.617054,'1744059300.617836,-298,-68,-4033,82,20,1325,0,-188,-43,33.16,-1003,-1088,-2428,error,31.06,976.91,14.488,3,24,0,2,1,1,8,33,0,1,0,2625
1744059300.7210758,'1744059300.7219641,-254,-2,-4014,80,24,1288,16,-189,-42,33.06,-943,-1159,-2233,error,31.06,976.91,14.498,3,24,1,4,1,0,3,34,0,1,0,2625
1744059300.8259282,'1744059300.826709,-244,29,-4039,60,28,1296,16,-194,-61,33.35,-869,-1242,-2402,error,31.06,976.91,14.493,3,26,0,1,0,1,0,34,0,2,0,2624
1744059300.9304843,'1744059300.9313748,-277,-52,-4045,54,28,1280,14,-198,-46,33.35,-813,-1299,-2321,error,31.06,976.91,14.493,4,27,1,4,0,2,0,34,0,1,0,2625
1744059301.0349092,'1744059301.0356932,-252,-31,-4000,71,28,1297,27,-203,-41,33.44,-677,-1351,-2313,error,31.06,976.91,14.498,3,26,0,2,0,5,0,32,0,2,0,2625
1744059301.1397784,'1744059301.1406531,-228,-9,-4015,62,39,1310,35,-212,-47,33.44,-621,-1384,-2319,error,31.06,976.91,14.493,4,23,0,3,0,7,0,34,0,1,0,2625
1744059301.2436583,'1744059301.2444432,-308,-49,-4003,70,23,1273,56,-213,-53,33.49,-598,-1428,-2345,error,31.06,976.92,14.479,3,25,0,7,12,0,0,35,0,1,0,2625
1744059301.3492928,'1744059301.3502033,-208,31,-4016,69,18,1311,46,-226,-29,33.06,-461,-1472,-2262,error,31.06,976.92,14.483,3,24,3,1,6,2,1,35,0,2,0,2625
1744059301.4535875,'1744059301.4544494,-245,0,-4020,56,27,1258,49,-216,-36,33.16,-365,-1516,-2411,error,31.06,976.93,14.498,4,26,3,1,0,0,2,33,0,1,0,2625
1744059301.5551991,'1744059301.5559866,-262,-24,-4006,78,16,1302,76,-219,-36,33.49,-273,-1550,-2212,error,31.06,976.93,14.498,3,25,1,0,7,0,6,36,0,1,0,2625
1744059301.6612904,'1744059301.6621733,-258,48,-4018,64,24,1289,76,-231,-33,33.35,-210,-1548,-2184,error,31.06,976.93,14.493,3,24,0,0,1,0,0,34,0,2,0,2625
1744059301.7641847,'1744059301.764957,-286,-9,-4035,69,17,1247,83,-231,-46,33.44,-116,-1557,-2343,error,31.06,976.94,14.488,3,24,0,0,4,6,0,35,0,1,0,2625
1744059301.8706057,'1744059301.8714938,-246,6,-4014,69,16,1319,93,-231,-43,33.25,-25,-1578,-2272,error,31.06,976.93,14.483,4,24,0,0,2,4,5,34,0,1,0,2625
1744059301.9731433,'1744059301.9739175,-273,10,-4016,61,31,1298,92,-225,-37,33.11,127,-1560,-2264,error,31.06,976.93,14.483,3,24,2,10,5,0,5,37,0,2,0,2624
1744059302.0799794,'1744059302.0808704,-319,-4,-4025,66,30,1270,116,-224,-33,33.35,175,-1557,-2320,error,31.06,976.93,14.493,3,26,1,0,0,2,3,37,0,1,0,2625
1744059302.1818683,'1744059302.1826508,-262,-8,-4016,72,15,1275,111,-224,-31,33.3,252,-1529,-2278,error,31.06,976.93,14.498,3,26,0,4,5,3,9,35,0,1,0,2625
1744059302.289064,'1744059302.289843,-174,87,-4053,77,35,1274,124,-217,-37,33.25,377,-1515,-2203,error,31.06,976.93,14.488,3,24,0,0,0,8,0,34,0,1,0,2625
1744059302.3909879,'1744059302.3918903,-231,-3,-4046,64,26,1299,137,-212,-42,33.3,471,-1479,-2333,error,31.06,976.93,14.498,3,24,0,0,4,7,0,33,0,1,0,2624
1744059302.4978638,'1744059302.4987042,-246,4,-3985,60,18,1311,143,-211,-36,33.3,564,-1460,-2133,error,31.06,976.93,14.483,3,28,3,0,2,10,1,35,0,1,0,2625
1744059302.5993173,'1744059302.6000974,-231,34,-4015,86,18,1321,145,-208,-33,33.35,673,-1395,-2245,error,31.06,976.94,14.483,3,24,0,0,1,0,4,36,0,1,0,2625
1744059302.7022016,'1744059302.7031486,-201,89,-4061,78,19,1292,149,-205,-35,33.35,726,-1327,-2269,error,31.06,976.94,14.483,3,23,4,3,10,4,5,35,0,2,0,2625
1744059302.8085935,'1744059302.8093715,-209,49,-4012,69,27,1299,160,-191,-46,33.25,800,-1321,-2168,error,31.06,976.94,14.479,3,25,0,0,4,3,1,37,0,1,0,2625
1744059302.9116316,'1744059302.912517,-203,41,-4009,63,28,1292,166,-202,-42,33.3,906,-1212,-2157,error,31.06,976.93,14.488,3,24,0,0,3,5,0,31,0,1,0,2625
1744059303.0178032,'1744059303.0185804,-259,-3,-4005,66,22,1294,167,-196,-33,33.44,955,-1153,-2206,error,31.06,976.94,14.498,3,26,0,3,0,4,0,35,0,1,0,2625
1744059303.1207774,'1744059303.1216521,-278,-4,-4006,75,22,1330,171,-179,-32,33.25,1028,-1069,-2076,error,31.06,976.94,14.493,4,27,0,0,2,1,0,32,0,1,0,2625
1744059303.226901,'1744059303.2277012,-208,79,-4034,61,25,1292,196,-169,-35,33.35,1087,-988,-2095,error,31.06,976.94,14.493,3,26,0,0,3,0,9,35,1,1,0,2624
1744059303.3300245,'1744059303.3309116,-211,102,-3984,75,41,1328,191,-166,-25,33.35,1144,-933,-2222,error,31.06,976.94,14.483,3,26,0,0,2,11,3,36,0,1,0,2625
1744059303.4381459,'1744059303.4390903,-204,24,-4001,84,35,1309,198,-156,-39,33.59,1190,-857,-2023,error,31.06,976.94,14.483,3,24,2,0,0,2,0,34,0,1,0,2625
1744059303.543224,'1744059303.54409,-237,-4,-4022,78,36,1291,203,-146,-42,33.06,1246,-711,-2156,error,31.06,976.95,14.488,4,25,0,0,4,8,0,31,0,1,0,2625
1744059303.6446376,'1744059303.645418,-226,-21,-4045,66,24,1288,214,-150,-38,32.97,1263,-673,-2107,error,31.06,976.95,14.488,4,29,0,0,0,15,0,34,1,1,0,2625
1744059303.7495553,'1744059303.7504313,-123,88,-4032,63,32,1311,204,-137,-19,33.64,1300,-557,-2044,error,31.06,976.94,14.483,3,26,0,2,0,7,1,34,0,1,0,2624
1744059303.8575337,'1744059303.858408,-252,-22,-4061,70,49,1293,204,-129,-41,33.35,1318,-463,-2068,error,31.06,976.94,14.479,3,24,0,1,4,7,0,31,0,1,0,2625
1744059303.96092,'1744059303.9616914,-204,46,-4034,58,43,1289,216,-118,-39,33.11,1336,-389,-2111,error,31.06,976.94,14.483,4,25,0,2,0,6,0,35,0,1,0,2625
1744059304.0668192,'1744059304.06774,-161,12,-3976,70,20,1303,203,-108,-20,33.35,1349,-286,-2015,error,31.06,976.94,14.479,3,24,2,0,0,3,0,35,1,1,0,2625
1744059304.174876,'1744059304.1757648,-123,102,-4018,68,13,1296,220,-100,-42,33.35,1363,-173,-2170,error,31.06,976.94,14.483,3,24,0,0,0,6,0,33,0,1,0,2625
1744059304.2774599,'1744059304.2782445,-218,94,-4045,55,23,1304,209,-104,-33,33.25,1345,-104,-1989,error,31.06,976.94,14.493,3,26,5,0,1,10,0,34,1,1,0,2625
1744059304.3845906,'1744059304.3854783,-279,1,-4031,75,23,1322,206,-80,-23,33.25,1340,44,-2076,error,31.06,976.95,14.483,3,27,4,2,4,3,0,32,1,0,0,2624
1744059304.4920046,'1744059304.4927936,-205,-21,-4015,75,18,1297,213,-72,-37,33.25,1342,129,-2103,error,31.06,976.95,14.479,3,24,2,1,0,2,0,33,1,1,0,2625
1744059304.59351,'1744059304.5943522,-174,0,-4021,73,27,1315,208,-59,-32,33.44,1321,165,-2044,error,31.06,976.94,14.493,4,24,3,9,3,4,7,36,1,1,0,2625
1744059304.6952336,'1744059304.696029,-220,-42,-4038,75,22,1300,206,-57,-37,33.16,1256,316,-2038,error,31.06,976.93,14.488,3,26,2,1,0,1,1,37,1,1,0,2625
1744059304.7979026,'1744059304.798798,-236,-67,-4003,69,32,1262,208,-52,-27,33.49,1236,395,-2100,error,31.06,976.93,14.483,3,27,0,2,0,3,2,34,0,1,0,2625
1744059304.9043372,'1744059304.905122,-184,-26,-4049,75,15,1309,198,-39,-32,33.25,1184,449,-1948,error,31.06,976.93,14.483,3,25,13,1,0,0,6,35,0,1,0,2625
1744059305.007286,'1744059305.0081806,-135,50,-4036,67,19,1333,186,-29,-35,33.11,1130,545,-1992,error,31.06,976.93,14.479,4,26,2,4,0,0,8,30,0,1,0,2625
1744059305.1137123,'1744059305.1144962,-155,21,-4006,66,22,1292,183,-31,-27,33.16,1080,633,-2145,error,31.06,976.93,14.479,4,26,15,0,0,1,2,35,1,1,0,2625
1744059305.216606,'1744059305.217493,-210,-36,-4000,71,19,1283,181,-24,-15,33.35,1007,702,-1953,error,31.06,976.93,14.483,3,25,0,0,0,2,4,33,1,1,0,2625
1744059305.3229904,'1744059305.323782,-202,-47,-3996,79,13,1317,178,-11,-27,33.11,936,799,-2101,error,31.06,976.92,14.479,3,28,3,0,0,0,5,35,0,1,0,2625
1744059305.4260514,'1744059305.4269557,-183,-19,-4059,65,21,1286,169,-1,-39,33.16,895,841,-2059,error,31.06,976.92,14.479,4,28,2,4,0,0,0,32,1,1,0,2625
1744059305.5323894,'1744059305.533175,-160,10,-4028,61,24,1299,162,10,-31,33.35,817,896,-2041,error,31.06,976.93,14.479,3,26,0,0,0,3,0,34,1,0,0,2625
1744059305.6356719,'1744059305.6366231,-184,-22,-4005,75,19,1302,153,10,-31,33.35,676,948,-2063,error,31.06,976.92,14.479,3,25,11,0,1,1,4,32,1,1,0,2625
1744059305.742018,'1744059305.742815,-203,-24,-4005,78,24,1286,144,19,-42,33.25,651,986,-2114,error,31.06,976.91,14.479,3,26,1,1,0,1,0,34,1,1,0,2625
1744059305.8451865,'1744059305.8460774,-227,-15,-4035,84,18,1328,138,5,-41,32.97,524,1015,-2020,error,31.06,976.91,14.488,3,24,9,0,0,1,0,32,1,0,0,2625
1744059305.9512858,'1744059305.9520671,-179,-10,-4037,68,39,1288,123,12,-26,33.49,434,1050,-2204,error,31.06,976.91,14.474,3,26,4,1,5,9,0,35,1,1,0,2625
1744059306.0546427,'1744059306.055545,-145,-27,-4027,63,31,1260,133,25,-33,33.35,326,1089,-2020,error,31.06,976.91,14.469,3,25,0,1,0,0,0,31,1,1,0,2625
1744059306.1597166,'1744059306.160497,-199,-30,-4026,75,15,1281,114,21,-37,33.25,245,1105,-2013,error,31.06,976.9,14.483,4,25,4,2,0,0,0,33,1,1,0,2625
1744059306.2611382,'1744059306.2619772,-204,-30,-4022,65,30,1262,109,16,-27,33.3,142,1105,-2166,error,31.06,976.9,14.483,3,24,7,3,1,4,4,34,1,1,0,2625
1744059306.3626807,'1744059306.3635051,-194,-64,-4026,62,21,1313,92,8,-39,33.35,69,1114,-2113,error,31.07,976.89,14.484,3,27,8,1,0,3,2,34,0,1,0,2625
1744059306.464018,'1744059306.4648023,-243,-74,-4024,67,23,1212,85,21,-30,33.11,-32,1129,-2096,error,31.07,976.89,14.494,3,26,0,5,0,0,4,36,1,1,0,2625
1744059306.5680199,'1744059306.5689082,-177,-38,-4058,43,33,853,88,20,-21,33.25,-134,1097,-2137,error,31.07,976.89,14.475,4,23,4,3,0,0,10,33,0,1,0,2625
1744059306.672717,'1744059306.673575,-249,-97,-4003,26,34,485,72,24,-37,33.25,-126,1099,-2167,error,31.07,976.89,14.479,3,25,0,13,0,0,0,31,0,1,0,2624
1744059306.7742636,'1744059306.775103,-177,-39,-4019,25,29,160,77,29,-37,33.35,-180,1083,-2084,error,31.07,976.88,14.47,4,27,7,4,2,0,0,33,0,1,0,2624
1744059306.8755953,'1744059306.8763747,-173,-28,-4050,12,29,-25,85,24,-42,33.35,-202,1097,-2120,error,31.07,976.91,14.475,3,26,1,7,0,3,6,35,1,1,0,2625
1744059306.9805775,'1744059306.9814649,-188,-27,-4032,10,42,-9,67,24,-27,33.11,-166,1100,-2226,error,31.07,976.91,14.479,3,24,5,0,2,1,4,33,0,1,0,2625
1744059307.084409,'1744059307.0851877,-206,-70,-4004,8,36,-14,81,20,-33,32.97,-170,1099,-2028,error,31.07,976.88,14.475,3,25,4,4,1,0,6,37,0,1,0,2625
1744059307.1899993,'1744059307.1908844,-142,-43,-4018,17,40,-16,82,19,-35,33.3,-179,1100,-2203,error,31.07,976.88,14.47,4,26,9,4,0,4,0,35,0,1,0,2625
1744059307.2933786,'1744059307.294157,-186,-18,-4022,3,26,-16,79,28,-29,33.25,-164,1099,-2148,error,31.07,976.88,14.479,3,28,2,3,0,3,1,37,0,1,0,2625
1744059307.3995094,'1744059307.4004326,-226,-31,-4029,2,36,-13,80,16,-27,33.11,-196,1091,-2108,error,31.07,976.88,14.47,4,24,3,3,7,0,2,33,0,1,0,2625
1744059307.5027108,'1744059307.5035076,-196,-38,-3986,3,32,-14,79,22,-31,33.35,-198,1076,-2143,error,31.07,976.88,14.46,4,25,1,0,5,5,0,34,0,1,0,2626
1744059307.6039846,'1744059307.6047673,-173,-41,-4017,17,51,-12,79,28,-31,33.35,-139,1093,-2152,error,31.07,976.88,14.475,3,25,3,0,1,1,0,35,0,1,0,2625
1744059307.7107282,'1744059307.71169,-213,-39,-4040,6,37,-13,80,14,-42,33.16,-187,1083,-2093,error,31.07,976.88,14.475,3,27,0,2,3,0,0,34,0,1,0,2624
1744059307.8134425,'1744059307.8142362,-229,-24,-4035,-5,45,-9,76,10,-41,33.16,-164,1092,-2246,error,31.07,976.88,14.475,3,25,0,0,0,0,12,32,0,1,0,2625
1744059307.914713,'1744059307.9154959,-213,-78,-4034,11,33,-15,82,14,-35,33.3,-165,1102,-2214,error,31.07,976.91,14.475,3,24,1,3,1,0,0,33,0,1,0,2625
1744059308.0215147,'1744059308.022409,-186,-6,-4056,12,50,-13,76,20,-33,33.35,-182,1103,-2037,error,31.07,976.91,14.484,4,25,2,4,5,3,7,36,1,1,0,2625
1744059308.1233914,'1744059308.1241703,-151,-10,-4020,8,44,-20,83,25,-43,33.35,-171,1077,-2224,error,31.07,976.88,14.475,3,25,0,1,0,5,0,35,0,1,0,2625
1744059308.2306094,'1744059308.231398,-174,-42,-4012,6,42,-20,82,16,-32,33.35,-163,1106,-2136,error,31.07,976.9,14.479,3,28,0,7,5,0,4,37,0,1,0,2625
1744059308.3323612,'1744059308.3332493,-192,-40,-4008,7,42,-7,67,16,-39,33.25,-209,1083,-2133,error,31.07,976.9,14.465,4,27,12,5,0,0,7,35,0,1,0,2625
1744059308.439313,'1744059308.4401116,-210,-32,-4022,9,48,-19,75,19,-32,33.25,-181,1084,-2150,error,31.07,976.89,14.479,3,25,5,0,2,1,0,34,0,1,0,2625
1744059308.5405989,'1744059308.5413868,-211,-56,-4000,5,43,-12,67,26,-39,33.11,-135,1095,-2170,error,31.07,976.86,14.479,3,26,0,6,0,1,0,34,1,1,0,2624
1744059308.6431074,'1744059308.644001,-177,-58,-4014,6,33,-15,83,20,-38,33.3,-190,1110,-2101,error,31.07,976.89,14.47,4,25,8,4,0,1,2,34,0,1,0,2624
1744059308.7501757,'1744059308.7510645,-197,-46,-4004,4,44,-14,83,25,-29,33.11,-171,1097,-2232,error,31.07,976.88,14.47,3,27,7,0,0,3,0,33,0,1,0,2625
1744059308.8518174,'1744059308.852621,-186,-47,-4039,6,36,-18,77,16,-39,33.49,-169,1109,-2203,error,31.07,976.88,14.47,3,24,9,1,0,3,1,34,0,1,0,2624
1744059308.9531827,'1744059308.9539635,-158,-11,-4046,16,41,-16,72,16,-35,33.25,-175,1091,-2041,error,31.07,976.87,14.479,4,25,2,0,0,1,2,36,0,1,0,2624
1744059309.0556436,'1744059309.0565283,-212,-72,-4013,13,42,-13,76,20,-46,33.35,-173,1089,-2247,error,31.07,976.87,14.475,4,24,3,3,0,5,10,35,1,1,0,2625
1744059309.1619833,'1744059309.1627896,-168,-29,-4072,14,50,-13,77,11,-37,33.35,-164,1106,-2107,error,31.07,976.86,14.475,4,28,6,0,5,0,1,34,1,1,0,2625
