1739390221.794172,21:09:26.14,590,140,-4010,-41,199,-1418,214,-137,-176,16.58,965,-668,-3746,0.0,4.98,980.57,37.913,3,93,54,67,69,6,23,29,181,169,175
1739390221.883363,21:09:26.23,651,31,-4003,-61,413,-331,211,-141,-185,16.48,913,-659,-3753,4095.9375,4.98,980.58,37.93,3,115,54,59,62,16,9,24,180,169,174
1739390221.9566813,21:09:26.31,776,253,-3889,-124,743,-235,206,-138,-182,16.48,847,-666,-3792,4095.9375,4.99,980.57,37.935,2,88,61,64,54,16,8,11,180,168,173
1739390222.03364,21:09:26.38,273,-442,-4042,255,429,615,195,-137,-184,16.29,773,-672,-3812,4095.9375,4.99,980.56,37.935,3,86,53,69,53,19,2,18,181,168,173
1739390222.1222444,21:09:26.47,1137,-13,-4013,-156,-84,-71,192,-145,-186,16.48,737,-635,-3819,4095.9375,5.0,980.55,37.956,3,109,52,60,66,22,11,30,180,169,173
1739390222.2102182,21:09:26.56,1079,428,-4137,-555,-449,-512,188,-133,-175,16.38,783,-581,-3798,4095.9375,5.0,980.57,37.967,3,112,59,69,55,19,1,20,179,169,174
1739390222.2832205,21:09:26.63,513,472,-4112,2,-302,-122,195,-122,-181,16.72,851,-550,-3764,4095.9375,5.0,980.56,37.983,3,103,57,65,58,18,18,19,180,169,173
1739390222.35692,21:09:26.71,333,106,-3865,415,1,354,203,-131,-178,16.62,875,-593,-3773,4095.9375,5.01,980.55,37.995,3,90,52,65,52,16,11,16,179,169,174
1739390222.4304552,21:09:26.78,610,-133,-3857,51,152,183,208,-141,-175,16.48,852,-606,-3778,4095.9375,5.01,980.55,38.01,4,78,53,52,58,10,20,16,180,168,173
1739390222.5035336,21:09:26.85,584,-25,-3966,-329,111,-135,198,-133,-180,16.62,823,-571,-3763,4095.9375,5.02,980.57,38.015,3,108,51,65,52,13,14,14,180,170,173
1739390222.7943392,21:09:27.14,527,171,-3947,65,35,-123,203,-128,-173,16.62,918,-536,-3774,0.0,5.01,980.56,38.049,2,102,46,58,49,25,11,27,180,169,172
1739390222.8676138,21:09:27.22,523,166,-3936,-21,22,-29,204,-122,-176,16.62,912,-561,-3746,0.0,5.01,980.56,38.06,3,88,49,52,50,27,10,5,181,168,173
1739390222.9443617,21:09:27.30,544,359,-4004,-137,115,-48,208,-123,-178,16.72,914,-515,-3756,0.0,5.01,980.56,38.054,2,85,51,80,65,16,11,20,179,170,173
1739390223.0171733,21:09:27.37,646,357,-4010,-19,26,-15,208,-126,-178,16.77,891,-503,-3743,4095.9375,5.01,980.55,38.082,2,117,51,70,55,5,14,17,180,169,172
1739390223.0897622,21:09:27.44,584,207,-4016,-19,32,-150,199,-124,-179,16.72,913,-501,-3751,4095.9375,5.01,980.54,38.093,3,101,55,63,65,12,8,13,181,169,173
1739390223.1626108,21:09:27.51,400,325,-4028,-79,-56,-82,201,-115,-187,16.38,921,-493,-3762,4095.9375,5.02,980.56,38.104,3,116,47,71,47,11,4,17,182,168,172
1739390223.2354255,21:09:27.58,626,435,-3947,-6,2,19,213,-126,-178,16.62,914,-488,-3750,4095.9375,5.02,980.55,38.121,3,117,48,73,65,15,18,11,179,169,174
1739390223.3095934,21:09:27.66,435,258,-3929,56,80,-65,203,-133,-175,16.48,925,-491,-3766,4095.9375,5.03,980.55,38.142,3,101,60,64,61,10,5,19,180,169,173
1739390223.3847067,21:09:27.73,532,258,-3975,-2,62,34,209,-119,-184,16.77,921,-482,-3768,4095.9375,5.03,980.55,38.147,3,103,49,61,61,13,11,21,179,169,172
1739390223.4672782,21:09:27.82,545,381,-3993,-45,137,42,207,-119,-184,16.58,900,-468,-3752,4095.9375,5.03,980.55,38.153,3,78,55,65,55,16,13,21,182,169,171
1739390223.7945604,21:09:28.14,710,346,-3988,37,103,124,199,-124,-181,16.62,911,-460,-3764,4095.875,5.01,980.55,38.188,3,115,59,57,53,13,13,24,179,170,173
1739390223.8672056,21:09:28.22,629,380,-3972,-10,62,-59,207,-119,-181,16.48,904,-470,-3762,4095.875,4.99,980.56,38.203,3,109,54,60,53,24,11,12,180,169,172
1739390223.9397738,21:09:28.29,491,285,-3995,93,-6,1,206,-118,-180,16.43,904,-472,-3748,4095.875,4.98,980.58,38.209,3,118,56,68,60,11,10,18,180,171,172
1739390224.0120797,21:09:28.36,534,306,-3958,-23,36,-72,207,-127,-181,16.58,913,-472,-3756,4095.875,4.97,980.56,38.211,3,85,58,68,68,16,9,20,179,171,173
1739390224.084409,21:09:28.43,642,340,-3945,34,59,58,208,-126,-173,16.48,914,-484,-3757,4095.875,4.97,980.57,38.216,3,98,46,58,64,18,11,25,180,169,172
1739390224.1567116,21:09:28.51,660,220,-3939,-1,24,-69,201,-133,-178,16.38,906,-478,-3747,4095.875,4.97,980.58,38.233,3,87,40,58,68,10,10,16,180,169,173
1739390224.2290242,21:09:28.58,523,306,-4001,-79,-6,-27,204,-124,-181,16.82,925,-464,-3757,4095.875,4.96,980.58,38.246,3,89,49,68,53,15,9,21,179,169,174
1739390224.3025403,21:09:28.65,558,470,-3975,-10,75,33,207,-124,-176,16.96,912,-455,-3773,4095.875,4.96,980.59,38.263,3,106,50,60,62,16,14,15,182,169,172
1739390224.3754194,21:09:28.73,625,265,-4003,60,64,2,197,-122,-181,16.58,898,-457,-3748,4095.875,4.96,980.56,38.263,3,75,49,66,57,15,10,14,180,168,172
1739390224.4485276,21:09:28.80,501,263,-3968,67,12,43,204,-119,-176,16.72,910,-468,-3747,4095.875,4.96,980.57,38.28,3,110,55,66,54,19,21,16,180,169,172
1739390224.794865,21:09:29.14,541,409,-4004,105,136,-40,212,-127,-181,16.62,894,-446,-3754,4095.875,4.94,980.57,38.326,3,102,51,67,63,6,12,24,182,169,166
1739390224.886885,21:09:29.24,506,365,-3880,-55,97,-470,206,-126,-185,16.72,886,-480,-3761,4095.875,4.93,980.59,38.33,3,114,54,54,63,4,17,15,181,168,166
1739390224.976397,21:09:29.33,340,750,-3875,-25,23,-1002,203,-126,-182,16.58,876,-539,-3782,4095.875,4.92,980.57,38.341,3,101,56,62,49,15,14,22,182,169,166
1739390225.0647883,21:09:29.41,168,987,-3921,22,-143,-1681,204,-132,-174,16.91,889,-580,-3770,4095.875,4.92,980.57,38.347,3,110,45,56,68,6,16,13,181,168,167
1739390225.1570787,21:09:29.51,296,1095,-4008,356,232,-1631,204,-142,-179,16.77,845,-690,-3773,4095.875,4.91,980.57,38.369,3,83,49,66,63,13,3,21,180,169,164
1739390225.243985,21:09:29.59,192,193,-4212,142,244,-1925,191,-148,-182,16.58,787,-789,-3782,4095.875,4.91,980.57,38.391,3,82,51,67,55,19,13,17,180,167,164
1739390225.3309438,21:09:29.68,365,940,-3942,152,291,-1779,182,-157,-176,16.58,716,-862,-3805,4095.8125,4.91,980.57,38.397,3,103,55,54,57,23,8,14,181,168,168
1739390225.4205112,21:09:29.77,674,684,-3968,544,466,-1546,180,-163,-186,16.58,626,-988,-3820,4095.8125,4.91,980.58,38.397,3,118,46,58,63,18,16,12,183,168,168
1739390225.5121994,21:09:29.86,-194,71,-3646,382,320,-1480,174,-169,-180,16.77,540,-1092,-3810,4095.8125,4.91,980.59,38.419,3,110,47,72,56,10,12,15,182,168,168
1739390225.6039457,21:09:29.95,72,721,-3711,-24,399,-1262,162,-185,-181,16.43,397,-1142,-3857,4095.875,4.9,980.56,38.414,3,73,62,61,59,11,9,17,182,168,168
1739390225.7950864,21:09:30.14,385,189,-4448,-196,-22,-988,164,-182,-180,16.77,350,-1179,-3829,4095.875,4.89,980.58,38.457,3,96,48,60,57,3,1,25,184,169,167
1739390225.8869646,21:09:30.24,1217,196,-4212,496,-260,-861,156,-194,-173,16.77,350,-1290,-3832,4095.875,4.88,980.55,38.46,3,104,49,63,57,7,16,13,182,168,168
1739390225.9789147,21:09:30.33,641,484,-4305,-567,503,-1528,149,-189,-182,16.38,249,-1184,-3857,4095.875,4.87,980.57,38.472,2,121,54,57,58,13,0,18,182,167,167
1739390226.0715113,21:09:30.42,569,397,-4148,403,611,-1116,128,-185,-181,16.58,81,-1223,-3862,4095.875,4.85,980.57,38.485,2,110,53,66,65,9,16,11,182,169,167
1739390226.1614258,21:09:30.51,192,-341,-3466,471,347,-931,124,-205,-175,16.72,-14,-1311,-3845,4095.875,4.84,980.57,38.489,3,96,57,63,60,20,13,24,183,169,167
1739390226.2503855,21:09:30.60,587,119,-3570,139,103,-1217,122,-192,-173,16.62,-56,-1314,-3839,4095.875,4.83,980.57,38.511,3,83,58,63,58,18,23,26,183,169,168
1739390226.3409479,21:09:30.69,88,320,-4044,114,138,-1507,111,-201,-179,16.58,-131,-1322,-3851,4095.875,4.81,980.56,38.507,3,95,65,74,66,26,12,15,182,167,168
1739390226.4328654,21:09:30.78,205,414,-4177,337,59,-1551,104,-210,-182,16.72,-216,-1376,-3838,4095.875,4.8,980.59,38.526,3,86,59,60,61,14,21,18,182,168,168
1739390226.5234637,21:09:30.87,480,531,-4349,650,-138,-1587,98,-224,-176,16.48,-245,-1445,-3817,4095.875,4.78,980.59,38.513,2,95,57,65,59,9,20,13,182,170,174
1739390226.6084406,21:09:30.96,147,176,-4433,1135,-731,-2208,108,-221,-179,16.48,-225,-1522,-3804,4095.875,4.77,980.58,38.537,3,108,52,77,70,20,9,21,179,170,175
1739390226.795286,21:09:31.14,632,1024,-3922,-551,698,-947,80,-225,-182,16.72,-459,-1504,-3811,4095.875,4.75,980.59,38.552,3,83,53,67,66,17,0,20,181,170,174
1739390226.876942,21:09:31.23,349,810,-3567,-296,191,-1414,72,-210,-168,16.72,-554,-1408,-3837,4095.875,4.73,980.6,38.557,3,119,69,71,54,18,15,10,180,170,174
1739390226.9664884,21:09:31.32,-304,807,-3595,144,370,-1512,66,-203,-171,16.48,-661,-1396,-3830,4095.875,4.71,980.61,38.559,2,80,69,62,58,11,14,23,180,169,173
1739390227.0529854,21:09:31.40,44,949,-3624,255,469,-1224,55,-207,-175,16.77,-770,-1372,-3804,4095.875,4.69,980.6,38.565,3,88,70,68,68,23,7,24,181,168,173
1739390227.1282384,21:09:31.48,-560,145,-3872,133,858,-915,43,-205,-170,16.43,-921,-1388,-3785,4095.875,4.68,980.57,38.574,3,79,58,55,61,11,23,19,181,168,174
1739390227.2073324,21:09:31.56,712,560,-4543,284,406,-551,41,-203,-169,16.72,-994,-1388,-3736,4095.875,4.66,980.58,38.587,2,95,57,59,50,19,8,15,180,167,175
1739390227.2811377,21:09:31.63,741,788,-4696,903,-416,-435,34,-213,-164,16.24,-983,-1468,-3734,4095.875,4.65,980.57,38.587,3,97,63,63,64,23,8,14,181,167,176
1739390227.3606942,21:09:31.71,486,-611,-4740,489,-260,-357,38,-215,-168,16.58,-969,-1558,-3740,4095.875,4.65,980.58,38.615,3,77,58,65,57,25,10,12,180,170,176
1739390227.44323,21:09:31.79,1156,976,-4261,-73,260,-97,33,-222,-165,16.62,-981,-1543,-3722,4095.875,4.64,980.55,38.604,3,111,58,66,57,15,22,16,181,168,177
1739390227.5170412,21:09:31.87,1289,-141,-3983,-148,477,-119,34,-221,-162,16.58,-1031,-1530,-3706,4095.8125,4.64,980.56,38.626,3,109,51,70,56,23,17,17,181,167,178
1739390227.7955565,21:09:32.14,347,-175,-3344,-10,307,-352,27,-221,-159,16.43,-1101,-1501,-3737,4095.875,4.61,980.56,38.662,3,115,72,67,61,3,5,26,182,167,175
1739390227.8783784,21:09:32.23,856,-185,-4139,41,159,-814,23,-217,-158,16.43,-1135,-1468,-3698,4095.875,4.6,980.57,38.662,3,109,72,64,69,24,19,19,181,168,177
1739390227.9564059,21:09:32.31,725,-19,-4475,252,-362,-305,28,-210,-163,16.77,-1089,-1475,-3715,4095.875,4.59,980.58,38.675,3,112,59,64,68,17,9,19,183,169,177
1739390228.038274,21:09:32.39,431,142,-4825,938,-848,-1233,39,-221,-171,16.58,-1029,-1556,-3715,4095.875,4.58,980.59,38.692,3,81,61,75,71,15,6,18,177,171,176
1739390228.1301951,21:09:32.48,286,-318,-4503,-273,780,270,29,-219,-167,16.62,-1109,-1513,-3723,4095.8125,4.57,980.6,38.684,3,93,67,66,60,16,19,18,182,171,175
1739390228.2360456,21:09:32.58,906,1366,-3964,-505,156,-558,25,-212,-175,16.62,-1135,-1406,-3745,4095.8125,4.56,980.59,38.701,3,108,53,78,54,16,22,17,183,169,176
1739390228.320677,21:09:32.67,1033,798,-3436,-60,111,-1117,20,-202,-158,16.48,-1208,-1353,-3731,4095.8125,4.56,980.59,38.724,3,88,64,74,55,17,1,19,182,168,176
1739390228.4113848,21:09:32.76,-145,58,-3043,338,154,-401,22,-198,-159,16.82,-1219,-1372,-3718,4095.8125,4.56,980.59,38.729,3,73,65,59,65,13,22,17,181,169,176
1739390228.4924374,21:09:32.84,11,-255,-3176,-313,276,-368,22,-201,-162,16.48,-1264,-1343,-3686,4095.8125,4.55,980.59,38.731,3,74,72,64,54,21,3,16,181,168,177
1739390228.5732532,21:09:32.92,-314,424,-4172,-415,299,-112,6,-189,-158,16.72,-1304,-1268,-3704,4095.8125,4.55,980.56,38.742,3,107,58,56,58,33,11,16,183,167,176
1739390228.7957954,21:09:33.15,917,212,-4741,367,-111,111,8,-215,-163,16.48,-1279,-1434,-3664,4095.8125,4.54,980.58,38.754,3,96,65,66,66,10,22,18,182,166,177
1739390228.87282,21:09:33.22,1889,614,-4404,105,400,966,12,-211,-152,16.77,-1295,-1509,-3623,4095.8125,4.53,980.59,38.791,3,104,69,78,63,17,6,18,178,169,177
1739390228.9475605,21:09:33.30,1357,-137,-3862,-33,610,465,9,-219,-155,16.62,-1318,-1556,-3635,4095.8125,4.52,980.57,38.796,3,97,69,73,59,13,16,14,180,167,176
1739390229.024057,21:09:33.37,629,518,-3385,-127,-138,-492,13,-212,-151,16.77,-1318,-1508,-3626,4095.8125,4.52,980.58,38.802,3,80,67,62,61,22,4,18,180,167,176
1739390229.0968401,21:09:33.45,367,-134,-3099,-20,-166,-476,8,-212,-156,16.62,-1320,-1475,-3658,4095.875,4.52,980.58,38.802,3,97,65,62,62,20,18,15,179,169,177
1739390229.1703753,21:09:33.52,-315,-406,-2790,185,190,-194,7,-219,-152,16.58,-1324,-1491,-3654,4095.875,4.52,980.59,38.823,3,78,72,63,66,25,0,13,179,168,177
1739390229.2485487,21:09:33.60,248,-182,-3421,-4,264,-294,12,-208,-155,16.82,-1378,-1467,-3602,4095.875,4.52,980.59,38.834,2,93,68,68,67,14,11,18,181,167,176
1739390229.3252215,21:09:33.67,1061,-166,-4714,265,-28,-649,-1,-212,-156,16.48,-1404,-1447,-3636,4095.875,4.52,980.59,38.851,3,96,57,68,63,22,11,20,180,168,176
1739390229.413683,21:09:33.76,59,160,-4806,99,-954,-941,7,-206,-159,16.62,-1295,-1397,-3672,4095.875,4.52,980.59,38.856,2,94,65,73,57,13,15,22,180,168,175
1739390229.4908624,21:09:33.84,397,-184,-4671,-50,138,-46,9,-201,-162,16.62,-1325,-1387,-3666,4095.875,4.52,980.59,38.856,3,120,59,72,66,19,7,16,181,167,176
1739390229.796017,21:09:34.15,-116,78,-2798,654,-65,-612,-7,-191,-155,16.72,-1489,-1189,-3625,4095.75,4.51,980.57,38.905,3,106,53,60,61,15,15,26,179,167,176
1739390229.868803,21:09:34.22,135,-249,-2776,426,141,-78,-6,-189,-156,16.29,-1492,-1243,-3618,4095.75,4.5,980.58,38.911,3,78,63,58,59,18,7,21,179,168,176
1739390229.9412553,21:09:34.29,136,-76,-4187,-53,278,-127,-14,-185,-155,16.43,-1517,-1244,-3622,4095.75,4.5,980.59,38.927,3,91,71,73,53,12,11,15,182,166,177
1739390230.0145028,21:09:34.37,1394,733,-5153,355,-329,-48,-12,-196,-147,16.62,-1504,-1256,-3617,4095.75,4.5,980.59,38.927,3,91,64,75,70,4,12,17,180,169,176
1739390230.0902584,21:09:34.44,445,-157,-5122,1052,-1026,550,13,-202,-161,16.62,-1344,-1380,-3641,4095.75,4.49,980.57,38.944,3,92,69,77,66,14,17,17,180,168,176
1739390230.1656926,21:09:34.51,1320,181,-4620,166,62,245,16,-215,-156,16.43,-1309,-1467,-3663,4095.75,4.49,980.57,38.95,3,84,55,67,60,11,10,16,179,170,179
1739390230.2478318,21:09:34.60,978,-752,-3770,-639,492,1066,17,-206,-157,16.24,-1300,-1468,-3656,4095.75,4.49,980.58,38.967,3,97,69,68,55,15,11,18,180,168,176
1739390230.3229578,21:09:34.67,1333,702,-3224,-278,-67,290,11,-205,-158,16.48,-1281,-1436,-3673,4095.75,4.49,980.59,38.984,3,119,58,75,59,21,9,16,179,171,177
1739390230.4012556,21:09:34.75,-147,-342,-2996,-44,-42,150,17,-208,-155,16.48,-1278,-1425,-3677,4095.75,4.49,980.59,38.984,3,88,63,62,57,6,20,11,181,168,176
1739390230.4780467,21:09:34.83,220,126,-2848,-129,427,495,8,-207,-158,16.48,-1314,-1426,-3655,4095.75,4.49,980.59,38.989,3,100,66,63,62,25,7,18,182,167,176
1739390230.7962403,21:09:35.15,297,85,-4875,359,-312,333,8,-199,-158,16.29,-1279,-1356,-3708,4095.75,4.47,980.56,39.038,3,102,58,60,53,15,10,24,178,168,175
1739390230.8711216,21:09:35.22,1045,759,-4371,-526,240,522,9,-201,-164,16.62,-1272,-1323,-3697,4095.75,4.45,980.55,39.04,2,101,74,64,56,16,17,15,179,170,177
1739390230.943558,21:09:35.29,346,975,-4036,-108,-15,-392,8,-192,-158,16.38,-1262,-1318,-3696,4095.75,4.44,980.56,39.038,3,98,61,61,59,18,13,9,182,169,175
1739390231.017405,21:09:35.37,186,792,-3720,-471,303,-905,4,-185,-159,16.58,-1320,-1212,-3709,4095.75,4.43,980.54,39.055,2,86,61,67,52,16,14,19,182,167,175
1739390231.0935404,21:09:35.44,-271,456,-3120,793,33,-425,3,-192,-165,16.72,-1350,-1255,-3694,4095.75,4.43,980.55,39.072,3,110,70,61,60,9,12,16,181,168,173
1739390231.170464,21:09:35.52,246,-247,-2846,290,156,-577,6,-194,-156,16.58,-1393,-1269,-3703,4095.75,4.42,980.56,39.074,3,107,60,63,56,13,1,19,179,167,175
1739390231.2556536,21:09:35.60,-190,186,-3625,-306,242,-418,2,-180,-155,16.48,-1452,-1202,-3663,4095.8125,4.42,980.54,39.091,2,102,64,62,67,25,17,17,181,166,174
1739390231.3352642,21:09:35.69,787,519,-4900,113,344,-129,-2,-193,-159,16.72,-1487,-1196,-3646,4095.8125,4.41,980.56,39.091,3,84,67,77,75,28,16,15,180,167,176
1739390231.4087033,21:09:35.76,1328,140,-5079,534,-683,626,2,-196,-152,16.72,-1392,-1288,-3668,4095.8125,4.4,980.57,39.107,3,88,67,73,62,29,11,14,181,167,176
1739390231.4830256,21:09:35.83,395,365,-5216,100,85,-566,-1,-192,-158,16.43,-1373,-1294,-3684,4095.75,4.4,980.54,39.107,2,85,66,61,62,3,21,17,182,168,177
1739390231.7965012,21:09:36.15,-389,254,-2843,-276,-123,-383,-11,-205,-158,16.58,-1470,-1267,-3673,4095.75,4.38,980.57,39.147,3,89,73,70,63,30,16,18,182,166,176
1739390231.8724186,21:09:36.22,-167,26,-3048,39,476,-254,1,-194,-151,16.24,-1527,-1239,-3646,4095.75,4.37,980.56,39.167,3,101,65,69,67,5,13,22,182,166,175
1739390231.9518037,21:09:36.30,733,-602,-3905,180,554,-140,-13,-187,-153,16.48,-1609,-1231,-3609,4095.75,4.36,980.55,39.167,3,101,58,63,60,17,8,14,181,166,174
1739390232.0386322,21:09:36.39,819,-153,-4795,-499,-31,-60,-4,-178,-155,16.58,-1594,-1185,-3610,4095.75,4.35,980.57,39.169,3,116,79,52,51,13,14,17,180,166,175
1739390232.1122067,21:09:36.46,565,678,-5152,219,-967,-1203,-12,-175,-147,16.24,-1524,-1124,-3648,4095.75,4.35,980.58,39.169,3,96,71,49,51,28,8,13,179,165,174
1739390232.18576,21:09:36.53,1726,590,-4813,-749,62,778,-4,-175,-167,16.24,-1480,-1086,-3662,4095.75,4.34,980.57,39.192,2,88,62,58,55,15,13,20,180,164,174
1739390232.2592943,21:09:36.61,855,1467,-4188,-334,462,-144,-1,-174,-163,16.62,-1531,-1017,-3659,4095.75,4.34,980.58,39.214,3,104,64,54,59,25,13,20,180,165,173
1739390232.3327696,21:09:36.68,786,1307,-4029,76,59,-493,-17,-160,-152,16.38,-1546,-970,-3648,4095.75,4.33,980.57,39.21,3,116,58,60,49,17,15,27,181,164,173
1739390232.4063036,21:09:36.76,717,674,-3194,589,-216,-421,-9,-173,-157,16.62,-1533,-1014,-3655,4095.75,4.33,980.57,39.216,3,102,68,54,61,12,7,20,179,167,175
1739390232.4854555,21:09:36.83,148,-41,-2657,408,17,-512,-13,-179,-161,16.62,-1545,-1057,-3661,4095.75,4.33,980.57,39.227,2,111,71,59,62,24,14,18,181,165,174
1739390232.7967515,21:09:37.15,-46,96,-5091,1130,-528,992,-9,-196,-162,16.48,-1467,-1250,-3662,4095.75,4.31,980.58,39.267,3,86,67,69,56,11,0,24,180,165,175
1739390232.8713346,21:09:37.22,2365,459,-4437,280,568,873,-8,-210,-153,16.38,-1486,-1377,-3623,4095.5625,4.3,980.57,39.272,3,93,70,78,54,16,12,15,181,166,175
1739390232.9451146,21:09:37.30,1387,-666,-3824,-165,362,1759,-4,-216,-147,16.29,-1439,-1508,-3617,4095.5625,4.29,980.57,39.278,3,75,62,67,57,18,16,10,181,165,175
1739390233.018844,21:09:37.37,1542,201,-3422,-566,-169,89,-8,-212,-151,16.38,-1425,-1446,-3620,4095.5625,4.29,980.58,39.301,4,85,65,61,53,3,0,12,182,167,175
1739390233.0926914,21:09:37.44,167,-60,-3105,-267,-455,531,4,-208,-155,16.38,-1328,-1397,-3663,4095.5625,4.29,980.56,39.312,3,89,65,59,51,2,15,15,180,166,176
1739390233.1665258,21:09:37.51,282,554,-3075,-254,-89,131,17,-198,-164,16.24,-1311,-1387,-3680,4095.5625,4.29,980.56,39.317,3,106,51,51,55,11,19,21,182,166,174
1739390233.2400136,21:09:37.59,200,-615,-3544,-311,416,289,7,-203,-159,16.43,-1313,-1387,-3678,4095.5625,4.29,980.56,39.329,3,103,72,66,59,12,11,19,181,167,174
1739390233.3133852,21:09:37.66,973,-405,-3862,-96,-40,512,8,-207,-163,16.29,-1328,-1358,-3666,4095.5625,4.29,980.56,39.334,3,95,76,77,48,21,19,15,180,165,173
1739390233.3867736,21:09:37.74,915,-171,-4341,-642,-450,57,13,-197,-168,16.43,-1273,-1321,-3710,4095.4375,4.29,980.57,39.357,3,98,52,55,50,7,24,10,181,166,173
1739390233.4602268,21:09:37.81,294,-131,-4820,-638,-371,63,19,-188,-164,16.29,-1193,-1218,-3752,4095.4375,4.29,980.56,39.368,3,90,49,65,54,16,9,17,181,166,171
1739390233.7969542,21:09:38.15,559,389,-3512,486,403,-66,28,-182,-168,16.38,-1178,-1104,-3776,4095.5,4.27,980.58,39.398,3,72,54,60,54,18,5,24,180,167,173
1739390233.8707972,21:09:38.22,796,479,-3182,543,-35,-302,19,-183,-164,16.43,-1179,-1187,-3752,4095.5,4.26,980.54,39.411,3,89,58,55,55,24,14,12,181,166,172
1739390233.9441562,21:09:38.29,122,91,-3368,178,152,-74,16,-179,-165,16.38,-1206,-1222,-3746,4095.5,4.26,980.54,39.417,3,76,48,47,53,23,6,11,180,166,173
1739390234.0177007,21:09:38.37,10,284,-3484,-148,380,86,16,-187,-168,16.43,-1243,-1197,-3722,4095.5,4.26,980.54,39.428,3,121,74,53,67,9,16,11,181,165,175
1739390234.0912673,21:09:38.44,294,428,-4038,-178,681,-33,8,-187,-163,16.58,-1319,-1163,-3712,4095.5,4.26,980.54,39.434,3,83,63,61,49,24,9,16,181,164,173
1739390234.1648653,21:09:38.51,379,405,-4396,189,316,242,8,-189,-156,16.24,-1331,-1204,-3712,4095.5,4.26,980.53,39.434,3,80,61,70,54,17,21,20,180,166,173
1739390234.2387457,21:09:38.59,653,470,-4434,614,-137,-53,7,-198,-157,16.38,-1337,-1289,-3685,4095.5,4.26,980.53,39.462,3,81,65,57,52,15,18,18,180,167,174
1739390234.3121521,21:09:38.66,361,-213,-4500,773,-231,89,17,-196,-155,16.19,-1305,-1371,-3659,4095.4375,4.27,980.52,39.483,3,108,57,70,52,6,23,23,181,165,175
1739390234.3853478,21:09:38.73,1075,381,-4668,-244,415,-477,8,-205,-156,16.38,-1338,-1367,-3657,4095.4375,4.27,980.51,39.483,3,92,64,56,51,16,18,10,180,166,176
1739390234.4582434,21:09:38.81,2236,742,-4190,-491,48,1020,2,-201,-155,16.1,-1332,-1328,-3677,4095.4375,4.27,980.5,39.494,3,94,58,56,54,8,18,11,181,165,173
1739390234.797151,21:09:39.15,139,440,-3310,-236,168,-578,14,-188,-164,16.29,-1305,-1245,-3697,4095.5625,4.25,980.51,39.53,3,98,59,55,59,28,15,25,182,166,174
1739390234.8701675,21:09:39.22,363,475,-3734,39,69,-713,14,-193,-167,16.1,-1307,-1207,-3703,4095.5625,4.23,980.53,39.539,3,88,75,72,60,17,7,18,180,167,174
1739390234.9430358,21:09:39.29,333,411,-4099,34,69,-1304,16,-174,-163,16.38,-1349,-1144,-3706,4095.5625,4.23,980.52,39.548,3,78,70,66,61,19,13,20,180,167,173
1739390235.015921,21:09:39.37,886,614,-4383,42,-357,-1234,11,-179,-163,16.05,-1352,-1095,-3696,4095.5,4.22,980.52,39.546,3,108,60,66,59,16,16,13,182,168,174
1739390235.0889957,21:09:39.44,650,1181,-4450,951,-885,-2143,13,-179,-165,16.29,-1279,-1093,-3732,4095.5,4.22,980.53,39.563,3,120,58,58,57,24,5,17,181,169,174
1739390235.1621323,21:09:39.51,576,453,-4169,1060,80,-990,12,-188,-162,16.38,-1281,-1173,-3720,4095.5,4.21,980.5,39.574,2,108,49,58,59,22,23,17,181,168,173
1739390235.2351377,21:09:39.58,219,-330,-3335,-430,-153,-908,12,-178,-169,16.29,-1309,-1099,-3729,4095.5,4.21,980.51,39.591,3,99,51,59,52,6,2,14,179,167,173
1739390235.3083377,21:09:39.66,581,337,-3703,-715,977,-672,-1,-169,-168,16.19,-1370,-984,-3703,4095.5,4.21,980.52,39.586,3,123,51,55,61,15,10,16,181,167,170
1739390235.382626,21:09:39.73,605,1210,-3974,-857,-122,-1593,0,-150,-162,16.1,-1430,-786,-3698,4095.5,4.21,980.52,39.603,3,85,46,56,55,16,12,18,180,166,170
1739390235.45769,21:09:39.81,-108,2159,-3982,-345,274,-249,-2,-140,-167,16.1,-1460,-701,-3706,4095.5,4.21,980.52,39.62,3,83,51,65,60,28,2,14,179,165,170
1739390235.7973943,21:09:40.15,462,552,-4105,-26,230,314,-25,-174,-141,16.19,-1691,-1031,-3592,4095.5,4.2,980.53,39.659,3,106,55,64,46,19,2,20,178,164,171
1739390235.8715794,21:09:40.22,588,1127,-4323,351,273,680,-27,-180,-145,16.29,-1712,-1056,-3557,4095.5,4.19,980.52,39.666,3,100,65,72,49,14,13,25,180,162,172
1739390235.945731,21:09:40.30,583,415,-4239,1118,390,939,-29,-196,-142,16.58,-1722,-1270,-3530,4095.4375,4.19,980.52,39.678,3,90,62,76,52,16,15,19,177,163,173
1739390236.0198095,21:09:40.37,1284,-737,-3901,-86,574,710,-28,-197,-144,16.43,-1748,-1338,-3493,4095.4375,4.19,980.52,39.678,3,74,62,63,44,27,8,9,178,161,173
1739390236.093911,21:09:40.44,1334,104,-3597,-431,262,-54,-34,-191,-138,16.29,-1787,-1281,-3493,4095.4375,4.19,980.5,39.684,3,104,57,66,54,15,10,14,178,162,172
1739390236.1680052,21:09:40.52,1445,45,-3409,41,165,115,-37,-198,-135,16.58,-1795,-1305,-3476,4095.4375,4.19,980.49,39.706,3,83,62,58,47,28,0,11,178,160,172
1739390236.2421262,21:09:40.59,1874,25,-3735,305,406,541,-34,-208,-138,16.24,-1823,-1355,-3457,4095.4375,4.2,980.51,39.716,3,113,68,60,46,38,11,18,175,160,174
1739390236.3166013,21:09:40.67,966,-458,-3668,296,-6,240,-29,-208,-128,16.1,-1800,-1427,-3462,4095.4375,4.2,980.51,39.748,3,114,64,50,44,49,6,13,175,159,172
1739390236.3924828,21:09:40.74,865,-214,-3486,-500,201,-110,-34,-206,-133,16.58,-1841,-1390,-3454,4095.4375,4.21,980.5,39.753,3,94,63,61,47,35,16,15,175,158,171
1739390236.468437,21:09:40.82,699,-299,-3844,-348,547,408,-34,-203,-133,16.24,-1850,-1328,-3431,4095.4375,4.21,980.49,39.759,2,79,74,58,41,35,9,17,175,158,171
1739390236.7982452,21:09:41.15,331,470,-3944,-339,-244,-1097,-28,-148,-146,15.91,-1718,-770,-3593,4095.5,4.2,980.51,39.804,3,99,63,60,51,52,12,14,177,162,170
1739390236.8772173,21:09:41.23,1115,1128,-3997,-104,-117,-796,-27,-134,-152,16.38,-1729,-674,-3576,4095.5,4.2,980.51,39.815,3,89,58,64,52,53,13,16,180,161,168
1739390236.9549704,21:09:41.30,419,828,-4255,41,-336,-878,-17,-124,-155,16.58,-1673,-590,-3602,4095.5,4.19,980.48,39.813,2,80,63,57,36,45,7,21,180,163,167
1739390237.0298283,21:09:41.38,409,973,-4086,147,163,-230,-20,-126,-161,16.24,-1693,-559,-3591,4095.5,4.2,980.51,39.832,3,110,63,50,46,46,1,22,176,163,168
1739390237.1058583,21:09:41.46,928,777,-3998,190,385,161,-25,-128,-153,16.38,-1751,-605,-3581,4095.375,4.2,980.51,39.844,2,106,57,57,59,53,14,17,179,161,170
1739390237.1829627,21:09:41.53,52,421,-3823,93,-252,-110,-27,-134,-157,16.19,-1713,-631,-3582,4095.375,4.2,980.52,39.849,2,92,62,56,44,46,11,12,179,162,169
1739390237.2609715,21:09:41.61,78,711,-3783,-103,57,-31,-22,-132,-152,16.19,-1698,-617,-3593,4095.375,4.2,980.51,39.866,3,120,66,59,49,48,11,23,176,161,170
1739390237.3413458,21:09:41.69,764,296,-3862,-26,473,288,-23,-136,-153,16.24,-1784,-623,-3544,4095.375,4.2,980.52,39.877,3,92,59,64,47,58,3,14,178,160,168
1739390237.4212086,21:09:41.77,952,564,-4065,-552,-9,63,-37,-124,-150,16.1,-1784,-553,-3568,4095.375,4.2,980.52,39.889,3,78,59,54,57,43,16,13,179,161,168
1739390237.4989073,21:09:41.85,561,1219,-4011,19,163,-41,-35,-120,-146,16.38,-1796,-545,-3567,4095.375,4.2,980.52,39.894,3,131,71,52,42,41,14,14,178,160,169
1739390237.7984397,21:09:42.15,1274,3,-3655,-346,-310,-570,-38,-136,-153,16.24,-1803,-640,-3537,4095.3125,4.19,980.51,39.936,3,102,70,56,58,40,12,18,177,162,170
1739390237.870877,21:09:42.22,441,269,-3870,-560,-156,-475,-32,-132,-152,16.19,-1789,-564,-3544,4095.3125,4.18,980.52,39.93,3,120,70,49,60,56,7,22,178,162,168
1739390237.943027,21:09:42.29,918,783,-4028,-649,-25,-372,-37,-119,-140,16.38,-1776,-439,-3538,4095.3125,4.18,980.53,39.941,2,111,54,60,44,43,13,28,177,162,169
1739390238.015244,21:09:42.37,805,932,-3989,-392,-233,-551,-27,-104,-155,16.05,-1764,-367,-3553,4095.3125,4.18,980.51,39.964,3,77,64,47,53,58,12,17,177,164,168
1739390238.0873513,21:09:42.44,389,964,-3957,-35,-278,-592,-25,-100,-153,16.19,-1712,-301,-3573,4095.3125,4.18,980.51,39.975,3,118,57,60,53,51,4,17,180,161,168
1739390238.1595862,21:09:42.51,213,840,-4022,180,112,-99,-27,-99,-152,16.24,-1689,-312,-3579,4095.3125,4.18,980.51,39.975,3,75,71,52,45,46,5,18,178,163,168
1739390238.2317278,21:09:42.58,510,784,-3833,250,225,61,-25,-105,-153,15.95,-1744,-328,-3580,4095.3125,4.18,980.5,39.987,3,91,64,53,46,49,9,11,178,163,168
1739390238.305982,21:09:42.66,862,505,-3889,-113,181,89,-29,-96,-157,16.24,-1741,-335,-3546,4095.3125,4.18,980.53,39.992,3,109,60,54,46,43,0,13,178,163,170
1739390238.3781958,21:09:42.73,463,992,-3927,-176,226,154,-33,-98,-148,15.95,-1772,-326,-3550,4095.3125,4.18,980.53,40.015,3,99,65,49,58,63,0,21,177,163,168
1739390238.4503934,21:09:42.80,842,1049,-3818,-228,46,-24,-33,-92,-144,16.1,-1764,-294,-3525,4095.3125,4.18,980.52,40.015,3,76,67,49,48,44,6,20,179,162,168
1739390238.7986295,21:09:43.15,460,832,-3860,-157,-1,-164,-23,-100,-153,16.19,-1735,-238,-3535,4095.3125,4.17,980.51,40.058,3,112,50,58,51,40,9,25,177,163,167
1739390238.871048,21:09:43.22,750,1045,-3983,-10,-7,-105,-25,-95,-146,16.19,-1728,-229,-3547,4095.3125,4.16,980.51,40.083,3,80,71,49,44,48,14,15,177,163,169
1739390238.9432368,21:09:43.29,442,940,-3901,99,-5,-136,-25,-87,-161,16.38,-1714,-208,-3546,4095.3125,4.16,980.51,40.072,2,86,64,50,43,52,22,11,178,164,167
1739390239.0153916,21:09:43.37,566,842,-3795,44,160,124,-24,-94,-155,16.29,-1732,-241,-3555,4095.3125,4.16,980.51,40.104,3,93,70,51,58,50,17,18,178,163,168
1739390239.0875876,21:09:43.44,660,850,-3876,-129,74,-73,-20,-103,-146,16.1,-1746,-207,-3529,4095.3125,4.16,980.5,40.115,2,113,58,63,47,50,17,12,177,164,167
1739390239.1597197,21:09:43.51,607,1016,-3870,-103,-92,22,-30,-85,-153,16.19,-1719,-204,-3545,4095.3125,4.16,980.5,40.121,3,80,65,52,59,47,7,21,178,163,167
1739390239.231801,21:09:43.58,600,1165,-3952,62,50,-23,-18,-90,-153,16.19,-1711,-192,-3552,4095.25,4.17,980.5,40.119,3,104,61,52,59,50,10,2,176,163,167
1739390239.303918,21:09:43.66,574,852,-3957,192,62,-51,-28,-90,-148,16.24,-1724,-193,-3546,4095.25,4.17,980.49,40.13,3,119,70,40,50,61,4,13,178,163,167
1739390239.376047,21:09:43.73,635,925,-3840,136,-48,-1,-25,-92,-148,16.24,-1711,-233,-3561,4095.25,4.17,980.49,40.141,3,105,64,52,56,57,18,11,179,163,168
1739390239.4491596,21:09:43.80,484,827,-3816,-13,21,-40,-17,-96,-152,16.1,-1714,-219,-3543,4095.25,4.18,980.52,40.151,3,86,70,42,48,53,6,15,178,162,168
1739390239.7987695,21:09:44.15,479,840,-3841,218,38,15,-20,-92,-156,16.19,-1659,-202,-3584,4095.25,4.17,980.5,40.192,2,78,63,48,46,54,4,24,178,165,168
1739390239.8709655,21:09:44.22,397,757,-3785,63,48,-20,-19,-99,-152,16.24,-1658,-228,-3579,4095.25,4.17,980.51,40.209,2,98,71,50,47,46,7,16,178,164,168
1739390239.9430382,21:09:44.29,433,943,-3944,-74,78,62,-24,-86,-152,16.1,-1658,-213,-3580,4095.1875,4.17,980.51,40.22,3,94,60,61,49,51,8,16,178,165,168
1739390240.0151174,21:09:44.37,547,1063,-3978,-113,72,-29,-17,-96,-155,16.19,-1660,-206,-3585,4095.1875,4.17,980.5,40.22,3,126,62,54,47,50,1,20,178,165,168
1739390240.0872028,21:09:44.44,401,901,-3873,140,29,80,-16,-92,-151,16.1,-1674,-203,-3560,4095.1875,4.18,980.5,40.236,3,99,66,59,49,42,8,13,179,163,169
1739390240.1592731,21:09:44.51,412,734,-3776,14,202,175,-25,-90,-153,16.05,-1671,-235,-3566,4095.25,4.18,980.52,40.258,3,108,64,54,51,60,0,12,178,163,167
1739390240.2312932,21:09:44.58,655,751,-3931,-200,204,6,-16,-98,-156,16.1,-1686,-204,-3558,4095.25,4.19,980.5,40.258,2,112,63,49,58,52,6,19,178,165,167
1739390240.3033335,21:09:44.65,643,1165,-3947,-138,-178,-66,-28,-98,-148,16.24,-1675,-166,-3555,4095.25,4.19,980.5,40.275,3,73,64,46,49,51,14,22,177,164,168
1739390240.3754177,21:09:44.73,308,1102,-3962,204,-60,-62,-17,-91,-150,15.95,-1649,-201,-3574,4095.25,4.19,980.49,40.279,3,81,66,48,56,45,17,16,179,165,168
1739390240.4475994,21:09:44.80,515,841,-3874,202,43,15,-18,-92,-153,15.95,-1668,-201,-3576,4095.25,4.2,980.52,40.283,3,106,58,60,50,49,1,21,178,165,167
1739390240.7989054,21:09:45.15,338,1007,-3910,62,35,-14,-13,-92,-153,15.95,-1644,-190,-3581,4095.25,4.19,980.5,40.336,3,82,63,57,52,45,11,22,178,164,167
1739390240.8710873,21:09:45.22,478,851,-3884,29,51,-32,-17,-96,-155,16.05,-1645,-199,-3576,4095.1875,4.18,980.52,40.33,3,87,71,47,53,58,16,11,178,165,168
1739390240.943169,21:09:45.29,625,983,-3835,-79,3,-111,-13,-92,-141,16.05,-1657,-174,-3557,4095.1875,4.18,980.52,40.353,3,113,63,62,50,49,7,12,178,164,168
1739390241.0152302,21:09:45.37,417,926,-3998,-102,68,-20,-20,-90,-153,15.86,-1640,-172,-3568,4095.1875,4.18,980.52,40.353,3,117,69,62,48,44,20,12,178,164,168
1739390241.087302,21:09:45.44,542,1032,-3832,87,-43,-100,-24,-89,-157,16.1,-1641,-165,-3589,4095.1875,4.18,980.5,40.37,2,88,62,50,54,46,1,18,178,166,167
1739390241.1593587,21:09:45.51,460,996,-3901,58,32,-43,-20,-82,-158,16.19,-1638,-154,-3572,4095.1875,4.18,980.5,40.375,3,125,57,48,48,53,1,16,178,165,167
1739390241.2314217,21:09:45.58,440,840,-3807,150,-3,-17,-14,-91,-152,15.95,-1631,-206,-3586,4095.1875,4.19,980.5,40.387,3,123,59,49,55,47,18,15,178,164,168
1739390241.3034997,21:09:45.65,423,966,-3845,16,97,88,-18,-92,-161,16.19,-1640,-187,-3584,4095.1875,4.19,980.51,40.393,3,123,56,59,50,52,19,11,177,165,168
1739390241.3755543,21:09:45.73,719,973,-3972,-70,-69,-52,-19,-94,-155,16.1,-1635,-178,-3588,4095.1875,4.19,980.5,40.398,3,81,67,55,55,43,5,22,178,165,167
1739390241.4477313,21:09:45.80,351,912,-3898,-117,-458,-156,-17,-91,-162,16.1,-1580,-170,-3590,4095.1875,4.19,980.5,40.415,3,113,68,48,61,38,12,10,177,165,168
1739390241.7992113,21:09:46.15,525,1068,-3868,16,180,-43,-19,-81,-157,16.24,-1621,-160,-3569,4095.125,4.18,980.52,40.461,3,85,65,52,55,43,11,36,180,163,165
1739390241.9073298,21:09:46.26,443,957,-3905,-21,0,-60,-8,-90,-153,16.1,-1596,-156,-3579,4095.125,4.17,980.5,40.474,2,76,55,57,55,57,6,20,179,162,166
1739390242.0134683,21:09:46.36,422,922,-3854,3,72,-117,-14,-86,-155,15.95,-1617,-145,-3568,4095.125,4.16,980.51,40.493,2,88,60,55,54,50,11,2,181,162,165
1739390242.116267,21:09:46.47,541,988,-3882,-85,71,-47,-12,-91,-157,16.05,-1632,-116,-3570,4095.125,4.16,980.52,40.505,3,115,64,55,52,46,11,27,180,162,164
1739390242.2239468,21:09:46.57,331,1143,-3888,143,192,41,-22,-89,-155,16.05,-1612,-124,-3578,4095.125,4.16,980.51,40.522,3,119,70,54,56,54,13,26,180,161,165
1739390242.3316567,21:09:46.68,505,663,-3903,60,161,-111,-19,-86,-155,15.86,-1652,-146,-3556,4095.125,4.16,980.52,40.527,3,77,65,61,44,49,23,28,181,162,164
1739390242.439477,21:09:46.79,622,1102,-3921,-116,24,154,-18,-85,-161,16.24,-1647,-122,-3557,4095.125,4.16,980.51,40.556,3,125,62,47,61,47,0,16,180,163,164
1739390242.5455031,21:09:46.89,438,899,-3909,169,55,88,-19,-84,-157,16.24,-1629,-129,-3588,4095.125,4.16,980.51,40.556,2,84,65,50,49,45,4,17,180,162,166
1739390242.6482625,21:09:47.00,613,936,-3831,-2,74,12,-17,-81,-152,16.05,-1632,-146,-3585,4095.125,4.16,980.51,40.579,2,105,59,53,54,48,9,22,181,163,165
1739390242.755928,21:09:47.10,484,1018,-3872,-21,112,11,-19,-86,-155,16.1,-1637,-138,-3570,4095.125,4.16,980.51,40.584,2,76,59,59,64,53,8,14,181,161,165
1739390242.8640132,21:09:47.21,578,895,-3856,97,109,-21,-16,-87,-151,16.29,-1653,-144,-3568,4095.125,4.16,980.51,40.595,3,124,65,50,47,47,11,23,180,163,165
1739390242.97182,21:09:47.32,277,1056,-3808,-200,-37,-168,-18,-87,-148,16.19,-1640,-119,-3568,4095.0625,4.16,980.5,40.618,2,112,70,45,61,52,22,17,181,163,166
1739390243.0795102,21:09:47.43,545,1031,-3907,107,101,3,-14,-84,-155,16.1,-1643,-98,-3557,4095.0625,4.16,980.5,40.618,3,88,65,52,42,60,10,16,181,162,166
1739390243.1871667,21:09:47.54,405,923,-3812,77,10,46,-23,-85,-153,16.29,-1625,-134,-3572,4095.0625,4.16,980.5,40.63,2,100,69,44,52,60,8,21,180,162,166
1739390243.2948234,21:09:47.64,725,925,-3937,145,82,77,-17,-89,-157,15.76,-1662,-161,-3543,4095.0625,4.16,980.48,40.658,2,106,65,47,55,56,8,14,180,162,166
1739390243.402608,21:09:47.75,268,1073,-3931,2,-107,-78,-20,-90,-158,16.1,-1649,-143,-3562,4095.0,4.16,980.48,40.647,2,110,57,58,47,55,17,21,181,163,166
1739390243.510632,21:09:47.86,584,1028,-3800,92,59,57,-14,-89,-155,15.91,-1641,-169,-3560,4095.0,4.15,980.48,40.66,3,97,62,52,57,41,5,27,178,163,165
1739390243.6130352,21:09:47.96,199,989,-3897,-35,42,-48,-17,-91,-150,16.1,-1662,-132,-3578,4095.0,4.15,980.48,40.671,2,119,72,52,50,49,6,21,180,163,165
1739390243.7194974,21:09:48.07,542,777,-3874,31,122,-8,-23,-87,-156,15.86,-1660,-154,-3566,4094.9375,4.15,980.48,40.683,3,97,63,45,60,45,7,21,181,163,164
1739390243.8273377,21:09:48.18,401,1175,-3935,-113,-19,-42,-13,-80,-151,16.1,-1644,-144,-3554,4094.9375,4.15,980.48,40.705,2,105,65,52,54,55,12,18,181,161,164
1739390243.9353702,21:09:48.28,669,990,-3862,141,114,73,-20,-90,-151,16.19,-1649,-136,-3594,4094.9375,4.14,980.49,40.711,3,115,75,38,54,58,9,17,180,163,164
1739390244.0372548,21:09:48.39,568,996,-3911,-83,-72,-87,-18,-80,-158,16.05,-1670,-123,-3568,4094.9375,4.14,980.5,40.734,2,90,64,47,54,64,11,23,181,163,165
1739390244.1450374,21:09:48.50,495,1061,-3837,91,132,9,-19,-81,-157,15.95,-1658,-144,-3562,4094.9375,4.14,980.48,40.739,3,131,74,48,43,58,11,24,180,162,165
1739390244.251213,21:09:48.60,463,1010,-3920,-21,-9,-92,-20,-90,-146,15.91,-1676,-97,-3566,4094.9375,4.13,980.49,40.743,3,85,60,47,45,40,12,17,181,161,165
1739390244.3539748,21:09:48.70,462,1048,-3829,25,46,10,-24,-89,-155,16.1,-1646,-135,-3550,4094.9375,4.13,980.5,40.749,3,114,65,52,50,53,11,24,181,163,160
1739390244.4583335,21:09:48.81,416,977,-3895,84,165,73,-14,-86,-157,16.1,-1680,-130,-3563,4094.9375,4.13,980.51,40.777,4,100,61,49,54,52,14,23,181,161,162
1739390244.5471842,21:09:48.90,665,1004,-3881,-63,36,10,-20,-85,-148,15.86,-1653,-160,-3572,4094.9375,4.13,980.5,40.771,3,134,70,50,50,59,21,11,181,162,161
1739390244.6387808,21:09:48.99,481,943,-3880,11,14,37,-23,-92,-148,16.19,-1660,-137,-3558,4094.9375,4.13,980.5,40.794,3,120,77,61,62,50,12,24,182,162,163
1739390244.7462132,21:09:49.10,644,986,-3841,5,49,-2,-14,-89,-150,15.95,-1661,-143,-3573,4094.9375,4.13,980.5,40.811,2,95,58,46,64,57,12,21,180,163,165
1739390244.853838,21:09:49.20,473,974,-3912,55,58,-7,-23,-90,-153,16.19,-1639,-168,-3559,4094.875,4.13,980.5,40.811,3,106,62,41,50,58,11,27,180,162,165
1739390244.961787,21:09:49.31,419,981,-3885,101,-18,-31,-20,-92,-153,15.91,-1680,-138,-3568,4094.875,4.12,980.5,40.832,2,113,68,48,54,62,11,27,181,162,164
1739390245.069503,21:09:49.42,432,870,-3855,49,-1,-72,-20,-85,-151,16.38,-1676,-158,-3580,4094.9375,4.12,980.47,40.826,3,129,64,45,50,54,12,14,182,162,164
1739390245.177218,21:09:49.53,355,1025,-3885,27,-67,-64,-18,-92,-158,15.95,-1674,-136,-3575,4094.9375,4.12,980.47,40.855,3,92,73,61,52,52,8,21,180,162,166
1739390245.2848804,21:09:49.64,577,987,-3894,56,72,-39,-20,-95,-156,16.19,-1664,-166,-3581,4094.875,4.12,980.47,40.866,2,135,61,50,50,53,15,25,180,162,166
1739390245.3925416,21:09:49.74,575,930,-3803,17,46,-34,-19,-86,-159,15.76,-1635,-159,-3534,4094.875,4.12,980.48,40.883,3,79,61,44,50,56,12,19,181,161,166
1739390245.4991527,21:09:49.85,643,898,-3863,14,31,-49,-24,-89,-150,16.1,-1689,-135,-3570,4094.875,4.12,980.48,40.895,3,114,68,62,57,55,9,20,180,161,166
1739390245.6005063,21:09:49.95,541,1020,-3903,11,33,-12,-19,-91,-152,16.19,-1658,-144,-3586,4094.8125,4.12,980.48,40.895,3,124,62,58,45,50,5,22,180,163,164
1739390245.7035344,21:09:50.05,565,896,-3899,54,40,49,-11,-90,-148,16.05,-1645,-150,-3565,4094.8125,4.12,980.47,40.923,3,97,69,55,56,45,3,17,180,164,166
1739390245.8113818,21:09:50.16,351,1124,-3848,44,82,36,-18,-87,-156,15.76,-1667,-144,-3589,4094.8125,4.12,980.46,40.94,3,102,65,63,58,57,8,23,182,164,163
1739390245.9192162,21:09:50.27,482,857,-3805,84,33,1,-11,-87,-151,15.86,-1651,-164,-3578,4094.8125,4.12,980.46,40.946,2,84,77,45,60,53,11,27,180,164,166
1739390246.0272665,21:09:50.38,452,1040,-3848,-225,63,-93,-17,-94,-150,15.95,-1680,-99,-3571,4094.75,4.12,980.46,40.957,2,107,66,53,49,51,3,23,180,163,164
1739390246.1351018,21:09:50.48,573,989,-3886,19,62,-9,-7,-84,-157,16.05,-1675,-108,-3543,4094.75,4.11,980.46,40.969,3,101,58,56,64,50,22,21,181,163,166
1739390246.2428663,21:09:50.59,648,1176,-3926,82,72,-40,-18,-85,-151,16.19,-1685,-94,-3563,4094.75,4.11,980.46,40.98,2,98,65,62,50,54,12,19,181,162,167
1739390246.350651,21:09:50.70,412,854,-3834,162,75,-13,-18,-85,-153,15.86,-1672,-133,-3552,4094.75,4.11,980.46,40.997,2,126,61,46,56,57,15,30,181,163,165
1739390246.4585984,21:09:50.81,381,1008,-3909,-114,14,-36,-20,-85,-148,15.95,-1662,-136,-3531,4094.8125,4.11,980.47,40.997,2,104,60,47,47,56,5,24,179,163,167
1739390246.5664022,21:09:50.92,619,1102,-3900,33,51,10,-18,-80,-151,15.86,-1690,-82,-3548,4094.8125,4.11,980.47,41.026,3,131,70,50,59,52,16,16,181,164,167
1739390246.6765337,21:09:51.03,577,836,-3896,73,-94,-5,-17,-81,-155,15.76,-1622,-125,-3542,4094.8125,4.1,980.48,41.031,3,124,65,50,53,58,15,25,179,163,166
1739390246.7781372,21:09:51.13,161,1057,-3823,122,118,40,-17,-81,-155,15.76,-1627,-144,-3566,4094.75,4.1,980.46,41.026,3,123,65,61,56,51,17,26,180,164,168
1739390246.8861573,21:09:51.24,545,929,-3898,-81,0,-28,-18,-85,-151,15.86,-1609,-149,-3569,4094.75,4.1,980.46,41.037,2,90,74,43,58,37,5,16,180,164,167
1739390246.9615684,21:09:51.31,431,1116,-3885,47,126,-35,-14,-84,-152,15.86,-1620,-123,-3541,4094.6875,4.1,980.45,41.054,3,100,60,54,47,43,6,18,179,164,168
1739390247.0341327,21:09:51.38,407,1120,-3819,180,99,131,-13,-87,-156,15.76,-1632,-163,-3574,4094.6875,4.1,980.45,41.071,3,97,66,58,48,43,9,19,178,166,168
1739390247.1063662,21:09:51.46,450,912,-3875,19,71,-30,-19,-94,-152,15.95,-1693,-141,-3574,4094.6875,4.1,980.44,41.071,2,100,65,51,54,59,13,25,177,165,167
1739390247.1785696,21:09:51.53,502,986,-3941,-20,110,16,-28,-87,-146,15.91,-1664,-167,-3543,4094.6875,4.1,980.44,41.088,3,100,61,56,51,51,18,17,180,164,168
1739390247.2507074,21:09:51.60,585,879,-3894,42,102,14,-22,-86,-157,16.1,-1670,-160,-3564,4094.6875,4.1,980.45,41.088,3,118,67,48,62,30,10,15,180,165,167
1739390247.3228233,21:09:51.67,541,1082,-3908,73,-1,-60,-22,-89,-164,15.86,-1668,-149,-3543,4094.6875,4.1,980.46,41.094,3,85,62,47,48,41,5,20,179,164,169
1739390247.3950098,21:09:51.75,455,1030,-3905,111,-32,-105,-18,-90,-153,15.76,-1670,-164,-3559,4094.6875,4.1,980.46,41.105,3,101,63,58,53,53,13,16,180,164,168
1739390247.467259,21:09:51.82,462,748,-3806,36,-5,-28,-22,-94,-150,15.76,-1631,-155,-3575,4094.625,4.1,980.43,41.111,2,94,68,49,63,56,17,15,180,164,167
1739390247.539455,21:09:51.89,470,958,-3877,-55,50,-33,-24,-89,-152,15.86,-1642,-152,-3567,4094.625,4.1,980.43,41.122,3,75,70,52,58,45,11,16,178,165,168
1739390247.6116226,21:09:51.96,573,1125,-3936,98,78,62,-20,-92,-163,15.71,-1671,-153,-3588,4094.625,4.1,980.43,41.111,3,111,69,56,56,54,9,21,179,164,169
1739390247.6837642,21:09:52.03,571,867,-3907,74,-73,-81,-23,-95,-156,15.86,-1647,-168,-3567,4094.625,4.1,980.43,41.134,2,101,56,52,53,47,17,19,179,165,169
1739394607.3573406,21:09:52.38,316,966,-3908,190,-17,-16,-8,-82,-156,15.86,-1656,-175,-3571,4094.625,4.08,980.44,41.176,3,89,66,48,54,50,7,24,179,164,170
1739394607.4297915,21:09:52.46,319,793,-3809,72,70,-49,-19,-86,-150,15.95,-1690,-181,-3569,4094.625,4.06,980.41,41.177,3,72,70,56,50,52,1,15,181,164,168
1739394607.501976,21:09:52.53,488,880,-3838,-133,37,-6,-9,-91,-157,15.76,-1664,-170,-3552,4094.625,4.06,980.42,41.183,3,101,64,48,61,52,8,17,180,164,167
1739394607.5741584,21:09:52.60,621,958,-3981,-177,127,22,-27,-91,-150,15.86,-1683,-146,-3545,4094.625,4.05,980.43,41.183,3,89,64,57,48,52,20,10,180,164,169
1739394607.6465085,21:09:52.67,646,1175,-3992,106,-10,-15,-24,-86,-142,15.52,-1710,-142,-3558,4094.625,4.05,980.43,41.189,2,104,66,52,53,51,13,21,179,164,169
1739394607.7187066,21:09:52.75,383,1118,-3904,325,-57,-56,-19,-99,-150,15.86,-1641,-177,-3568,4094.625,4.05,980.42,41.2,3,98,69,59,58,50,7,25,180,165,168
1739394607.7914803,21:09:52.82,356,651,-3780,229,89,77,-17,-96,-152,15.76,-1642,-229,-3566,4094.625,4.05,980.42,41.211,2,100,61,57,54,60,9,17,180,164,168
1739394607.8637285,21:09:52.89,681,893,-3820,-176,21,-44,-17,-94,-150,15.86,-1691,-156,-3566,4094.625,4.05,980.43,41.223,3,127,78,47,52,51,4,13,179,166,168
1739394607.935866,21:09:52.96,276,1061,-3941,-177,25,-23,-22,-91,-157,15.71,-1698,-133,-3589,4094.625,4.06,980.43,41.234,3,73,68,53,54,44,13,16,180,164,168
1739394608.0079668,21:09:53.03,701,1019,-3840,-141,9,-107,-27,-81,-155,15.91,-1649,-158,-3545,4094.625,4.06,980.43,41.223,3,121,68,46,63,56,16,10,181,165,167
1739394608.3574793,21:09:53.39,495,840,-3900,-106,107,-54,-14,-86,-152,15.57,-1652,-169,-3567,4094.5625,4.04,980.43,41.272,3,75,58,55,52,52,5,20,178,165,168
1739394608.429771,21:09:53.46,404,1173,-3935,-33,67,15,-25,-85,-156,15.86,-1641,-188,-3556,4094.5625,4.03,980.45,41.278,2,84,61,65,47,46,10,15,180,164,168
1739394608.5019844,21:09:53.53,559,1219,-4005,125,-2,-29,-24,-94,-152,15.86,-1679,-157,-3569,4094.5625,4.03,980.46,41.283,3,109,71,56,54,56,9,9,180,165,168
1739394608.5744374,21:09:53.60,472,869,-3878,229,-22,-96,-14,-86,-157,15.67,-1628,-209,-3561,4094.5625,4.03,980.44,41.295,3,107,69,51,46,61,8,11,178,166,168
1739394608.6466641,21:09:53.67,454,717,-3886,113,105,-30,-17,-99,-150,15.67,-1660,-212,-3596,4094.5625,4.03,980.44,41.306,3,120,67,64,51,50,1,19,179,165,168
1739394608.719417,21:09:53.75,570,758,-3826,-56,155,-28,-12,-89,-150,15.57,-1695,-159,-3592,4094.5625,4.03,980.44,41.312,3,95,64,48,58,52,6,10,179,164,170
1739394608.7921512,21:09:53.82,613,1079,-3940,-194,37,38,-18,-82,-153,15.76,-1659,-180,-3540,4094.5625,4.03,980.43,41.318,3,125,72,46,45,47,3,19,180,165,167
1739394608.8650024,21:09:53.89,502,1249,-3885,45,-62,-33,-12,-89,-150,15.76,-1695,-138,-3571,4094.5,4.03,980.43,41.329,3,82,69,56,51,48,9,18,179,164,168
1739394608.9372203,21:09:53.96,579,873,-3875,128,48,-25,-22,-89,-155,15.57,-1679,-166,-3585,4094.5,4.03,980.45,41.329,3,135,76,52,53,54,5,17,179,165,169
1739394609.0093536,21:09:54.03,460,770,-3870,36,-3,1,-24,-104,-155,15.76,-1640,-217,-3550,4094.5,4.03,980.46,41.339,3,118,61,55,47,49,11,15,180,164,167
1739394609.357671,21:09:54.39,541,899,-3875,2,139,4,-27,-94,-150,15.76,-1660,-160,-3562,4094.5,4.01,980.47,41.371,3,105,61,61,63,52,9,26,181,164,168
1739394609.4301066,21:09:54.46,532,1116,-3834,-45,23,-98,-20,-87,-148,15.76,-1692,-126,-3582,4094.5,4.0,980.46,41.374,2,82,64,47,54,53,9,11,180,164,167
1739394609.5022743,21:09:54.53,388,931,-3955,126,122,105,-24,-94,-155,15.86,-1713,-162,-3551,4094.5,4.0,980.47,41.385,3,120,74,43,61,63,9,16,179,165,168
1739394609.574362,21:09:54.60,579,1080,-3883,47,-21,-91,-23,-92,-158,15.67,-1657,-195,-3534,4094.5,3.99,980.45,41.396,3,87,69,50,52,51,5,7,180,163,169
1739394609.6464527,21:09:54.67,402,894,-3901,-38,14,20,-13,-98,-148,15.76,-1670,-208,-3552,4094.5,3.99,980.46,41.413,3,120,70,49,48,57,22,19,180,164,169
1739394609.7185886,21:09:54.75,594,919,-3944,7,96,-7,-34,-94,-152,15.76,-1707,-135,-3577,4094.5,3.99,980.45,41.408,2,116,66,45,59,60,13,12,181,164,168
1739394609.7908404,21:09:54.82,549,993,-3908,128,-44,-39,-20,-95,-148,15.71,-1698,-176,-3581,4094.5,3.99,980.44,41.419,2,115,74,45,56,58,18,14,178,165,168
1739394609.862945,21:09:54.89,449,1107,-3850,11,65,20,-22,-89,-159,15.86,-1721,-164,-3560,4094.5,3.99,980.44,41.425,3,101,74,45,62,52,7,14,180,165,168
1739394609.9351027,21:09:54.96,582,827,-3873,89,-8,-12,-17,-94,-152,15.67,-1686,-188,-3587,4094.5,3.99,980.44,41.43,3,108,75,44,51,56,11,12,179,165,169
1739394610.0071752,21:09:55.03,672,929,-3879,-154,-14,-86,-24,-91,-147,15.57,-1672,-207,-3544,4094.5,3.99,980.44,41.442,3,122,69,44,53,49,9,21,180,164,167
1739394610.3578057,21:09:55.39,557,906,-3959,61,96,16,-17,-101,-152,15.71,-1687,-149,-3557,4094.4375,3.97,980.45,41.467,3,77,58,45,49,43,13,27,180,164,167
1739394610.4300437,21:09:55.46,410,961,-3868,93,-35,28,-23,-90,-146,15.23,-1674,-172,-3587,4094.4375,3.95,980.44,41.468,3,95,68,45,44,51,2,23,180,164,167
1739394610.502151,21:09:55.53,534,917,-3847,-32,98,-54,-24,-94,-150,15.67,-1682,-161,-3574,4094.4375,3.94,980.46,41.485,3,109,58,44,55,53,19,16,179,165,169
1739394610.5742574,21:09:55.60,521,871,-3919,-139,65,-83,-25,-95,-151,15.67,-1682,-137,-3554,4094.4375,3.93,980.44,41.478,3,88,65,44,55,40,8,9,179,164,166
1739394610.646353,21:09:55.67,592,1184,-3896,-65,-51,-98,-11,-87,-163,15.67,-1649,-138,-3556,4094.4375,3.93,980.44,41.489,3,119,68,56,55,59,16,9,179,165,168
1739394610.7184494,21:09:55.75,499,1140,-3884,104,49,-46,-16,-95,-151,15.38,-1682,-123,-3560,4094.4375,3.93,980.45,41.483,3,128,69,44,64,50,16,8,178,165,167
1739394610.790724,21:09:55.82,602,826,-3846,183,110,14,-22,-91,-152,15.33,-1657,-165,-3540,4094.375,3.93,980.45,41.495,3,82,71,61,53,67,11,19,179,165,168
1739394610.8632882,21:09:55.89,469,892,-3834,-44,88,-12,-19,-94,-147,15.23,-1662,-158,-3546,4094.375,3.92,980.45,41.512,3,108,60,42,64,53,12,13,179,164,168
1739394610.9354594,21:09:55.96,492,1026,-3906,-89,74,31,-22,-89,-150,15.38,-1671,-157,-3522,4094.375,3.92,980.45,41.518,3,97,58,57,62,56,10,20,180,164,166
1739394611.0076015,21:09:56.03,396,1107,-3892,-36,61,103,-24,-78,-150,15.71,-1718,-121,-3567,4094.375,3.92,980.46,41.523,2,98,65,47,57,59,20,15,178,164,169
1739394611.3580468,21:09:56.39,647,1178,-3901,59,-316,1458,-14,-124,-152,15.71,-1668,-544,-3605,4094.375,3.9,980.46,41.542,3,117,57,67,61,71,13,28,184,166,168
1739394611.4660332,21:09:56.49,1020,1251,-4056,780,-646,2015,-8,-154,-163,15.38,-1509,-823,-3663,4094.4375,3.88,980.45,41.563,2,125,60,54,53,54,10,24,181,165,171
1739394611.5715582,21:09:56.60,48,329,-3905,1361,-95,1965,1,-187,-158,15.71,-1413,-1211,-3662,4094.4375,3.88,980.43,41.557,2,122,45,63,50,52,1,24,179,166,175
1739394611.6755857,21:09:56.70,881,273,-3910,276,-249,18,3,-194,-153,15.71,-1336,-1266,-3658,4094.5,3.87,980.44,41.58,2,122,50,56,49,42,12,14,181,167,172
1739394611.7837079,21:09:56.81,539,251,-4021,286,-181,-265,23,-194,-158,15.71,-1336,-1271,-3686,4094.5,3.86,980.45,41.582,2,126,54,66,52,42,6,22,181,166,172
1739394611.891702,21:09:56.92,912,177,-3896,-167,-29,-121,6,-197,-163,15.38,-1327,-1227,-3703,4094.5,3.86,980.45,41.593,3,82,52,65,60,53,18,14,182,166,171
1739394611.9996192,21:09:57.03,484,429,-3895,175,-31,126,24,-198,-159,15.71,-1310,-1291,-3678,4094.5,3.86,980.41,41.622,2,96,53,61,39,48,13,15,180,167,171
1739394612.1075687,21:09:57.14,303,-21,-4068,69,-34,178,12,-198,-159,15.52,-1298,-1298,-3690,4094.5,3.86,980.41,41.633,2,104,59,63,53,53,13,20,180,167,172
1739394612.215452,21:09:57.24,547,77,-3910,-99,198,298,12,-201,-155,15.38,-1287,-1335,-3650,4094.5,3.86,980.41,41.65,3,111,47,63,60,54,1,23,182,166,171
1739394612.3233457,21:09:57.35,380,91,-4013,54,89,121,9,-196,-150,15.33,-1273,-1352,-3651,4094.5,3.86,980.41,41.65,2,102,60,70,61,52,10,19,181,166,172
1739394612.4315255,21:09:57.46,755,267,-4016,0,-26,-47,11,-199,-168,15.67,-1262,-1340,-3668,4094.5,3.86,980.41,41.656,2,124,58,58,50,42,6,25,183,165,171
1739394612.5397875,21:09:57.57,309,285,-4041,84,-4,76,7,-201,-155,15.67,-1296,-1350,-3671,4094.5,3.86,980.41,41.673,3,95,65,62,63,46,24,13,180,166,172
1739394612.6467328,21:09:57.67,495,225,-4026,-62,115,95,6,-194,-158,15.52,-1320,-1325,-3668,4094.5,3.86,980.41,41.696,2,94,59,69,50,50,20,11,181,166,173
1739394612.7493908,21:09:57.78,521,413,-4130,-50,168,92,6,-205,-161,15.38,-1335,-1319,-3661,4094.5,3.86,980.41,41.702,3,117,65,56,56,50,22,26,181,166,172
1739394612.8573952,21:09:57.89,476,548,-4033,270,-43,-55,11,-194,-158,15.67,-1316,-1368,-3648,4094.5625,3.85,980.41,41.702,3,104,63,56,49,43,11,25,181,166,171
1739394612.9653847,21:09:57.99,489,164,-3993,163,-3,-59,3,-205,-161,15.43,-1296,-1350,-3640,4094.5625,3.85,980.42,41.719,3,100,57,57,63,34,19,18,181,166,172
1739394613.073426,21:09:58.10,751,73,-4020,-23,75,-29,8,-205,-156,15.38,-1310,-1367,-3645,4094.5,3.85,980.41,41.725,3,133,65,59,59,52,8,22,180,167,170
1739394613.181316,21:09:58.21,592,213,-3996,-29,15,-117,17,-196,-167,15.38,-1330,-1305,-3693,4094.5,3.85,980.43,41.73,2,108,52,66,49,54,16,21,182,166,170
1739394613.2896912,21:09:58.32,476,199,-3920,110,-24,59,1,-199,-158,15.33,-1299,-1343,-3678,4094.5,3.85,980.44,41.725,3,103,63,68,51,41,17,15,180,165,172
1739394613.3964598,21:09:58.42,483,66,-3912,118,71,-13,7,-203,-157,15.57,-1324,-1339,-3669,4094.5,3.84,980.45,41.758,2,104,55,57,54,55,12,17,179,166,174
1739394613.4998915,21:09:58.53,454,112,-4007,-168,138,-69,11,-192,-158,15.23,-1325,-1333,-3670,4094.5,3.83,980.46,41.764,3,91,51,55,51,44,13,20,178,167,172
1739394613.6060214,21:09:58.63,402,441,-3985,-67,65,-129,11,-197,-158,15.52,-1334,-1275,-3698,4094.5,3.82,980.46,41.766,3,76,57,71,54,60,21,29,180,164,171
1739394613.7091553,21:09:58.74,585,394,-3969,-18,61,-164,13,-197,-156,15.38,-1368,-1293,-3666,4094.5,3.81,980.47,41.777,3,113,59,58,55,50,11,22,183,165,170
1739394613.8177752,21:09:58.84,213,177,-4010,-60,48,-409,12,-188,-157,15.38,-1337,-1268,-3658,4094.5625,3.8,980.47,41.789,3,111,49,57,54,50,18,13,179,166,174
1739394613.9101872,21:09:58.94,379,411,-4022,-192,103,-938,6,-182,-158,15.43,-1399,-1183,-3660,4094.5625,3.79,980.48,41.803,2,117,66,59,52,53,11,18,180,167,173
1739394613.9825072,21:09:59.01,472,289,-3983,-200,58,-1050,-1,-179,-158,15.33,-1449,-1107,-3662,4094.5625,3.78,980.45,41.803,3,74,64,71,50,50,18,10,180,169,172
1739394614.054727,21:09:59.08,64,592,-3976,-43,293,-1206,-1,-174,-153,15.33,-1503,-999,-3662,4094.5625,3.78,980.45,41.803,3,90,63,57,57,48,9,17,182,166,172
1739394614.126871,21:09:59.15,33,470,-3726,16,224,-1395,-13,-166,-156,15.19,-1507,-945,-3646,4094.5625,3.78,980.46,41.821,3,108,54,68,56,59,20,0,178,166,173
1739394614.19912,21:09:59.23,461,131,-3672,38,3,-1637,-11,-148,-153,15.57,-1564,-856,-3609,4094.5625,3.78,980.47,41.838,3,114,69,56,65,46,7,17,180,166,171
1739394614.271348,21:09:59.30,-509,-42,-4687,-537,559,-1322,-22,-155,-150,15.23,-1670,-739,-3612,4094.5,3.78,980.47,41.838,2,105,58,54,53,58,6,18,180,165,171
1739394614.4999912,21:09:59.53,123,459,-3806,-387,735,-440,-34,-104,-150,15.23,-1814,-301,-3514,4094.4375,3.76,980.47,41.845,3,104,57,57,58,63,19,18,178,163,165
1739394614.5722685,21:09:59.60,-107,653,-3935,-235,336,-213,-32,-109,-142,15.19,-1836,-247,-3515,4094.4375,3.75,980.48,41.866,3,102,68,48,60,64,19,15,178,160,165
1739394614.644447,21:09:59.67,-102,1167,-4725,274,343,-294,-33,-92,-144,15.43,-1871,-282,-3448,4094.4375,3.75,980.46,41.855,3,107,51,49,57,58,10,16,178,159,167
1739394614.7165904,21:09:59.74,500,1093,-5280,569,85,-438,-28,-105,-139,15.19,-1879,-300,-3466,4094.4375,3.74,980.47,41.882,3,99,68,62,44,53,5,21,177,164,169
1739394614.7887805,21:09:59.82,1289,561,-4948,1260,-818,59,-25,-118,-141,15.19,-1806,-474,-3567,4094.4375,3.74,980.48,41.882,3,124,70,50,42,44,10,19,180,164,170
1739394614.8609617,21:09:59.89,224,6,-4792,1094,19,304,-33,-131,-146,15.23,-1791,-594,-3555,4094.4375,3.74,980.49,41.893,2,74,56,52,52,51,6,20,179,165,170
1739394614.9330943,21:09:59.96,1069,-129,-3872,-726,30,526,-41,-142,-150,15.23,-1760,-589,-3543,4094.4375,3.74,980.49,41.887,2,126,60,63,44,63,11,18,178,163,169
1739394615.0052512,21:10:00.03,380,513,-3416,-625,635,787,-34,-127,-150,15.38,-1855,-547,-3504,4094.375,3.74,980.49,41.899,3,86,66,60,47,55,7,26,181,162,169
1739394615.0773957,21:10:00.10,566,1288,-1752,708,375,1198,-40,-131,-146,15.23,-1914,-698,-3509,4094.375,3.74,980.49,41.904,3,110,60,50,49,54,13,19,179,162,171
1739394615.149522,21:10:00.17,215,-35,-1932,1173,429,1109,-44,-152,-135,15.14,-1883,-938,-3456,4094.375,3.74,980.49,41.916,3,127,72,63,56,42,0,17,176,162,171
1739394615.5001314,21:10:00.53,383,383,-3931,-717,-784,-544,-25,-151,-141,15.23,-1746,-840,-3512,4094.375,3.72,980.5,41.948,2,131,59,54,62,43,12,23,177,164,169
1739394615.572371,21:10:00.60,-363,628,-2612,-828,-180,-1108,-25,-133,-148,15.23,-1715,-633,-3567,4094.375,3.7,980.5,41.938,3,84,59,50,50,58,17,14,177,165,170
1739394615.6445284,21:10:00.67,102,983,-2166,-52,161,-1410,-20,-120,-156,15.19,-1746,-471,-3581,4094.375,3.69,980.48,41.944,3,117,58,54,52,52,21,13,180,163,168
1739394615.7166653,21:10:00.74,1373,663,-2941,497,203,-934,-40,-115,-153,15.23,-1768,-453,-3556,4094.375,3.69,980.49,41.956,3,116,63,51,45,42,11,18,178,164,171
1739394615.788882,21:10:00.82,1079,290,-4403,691,97,176,-24,-127,-147,15.04,-1737,-562,-3550,4094.375,3.69,980.49,41.973,3,78,60,60,52,49,13,21,178,165,170
1739394615.8610616,21:10:00.89,1291,748,-5230,432,-588,916,-14,-134,-147,15.38,-1706,-629,-3579,4094.375,3.68,980.49,41.985,2,119,52,56,55,43,6,22,178,166,171
1739394615.9332345,21:10:00.96,152,-459,-5776,1482,-442,1420,-14,-160,-150,14.9,-1619,-891,-3618,4094.3125,3.68,980.49,41.985,2,83,64,56,58,38,10,16,177,165,172
1739394616.0054042,21:10:01.03,1171,-338,-4359,392,1332,1312,-23,-169,-151,15.23,-1662,-1041,-3532,4094.3125,3.68,980.49,41.997,3,113,57,60,59,46,14,25,176,164,172
1739394616.0775502,21:10:01.10,1271,-504,-3041,98,503,790,-32,-180,-140,15.14,-1740,-1137,-3502,4094.3125,3.68,980.5,41.991,3,125,71,66,59,42,2,20,177,164,172
1739394616.1496859,21:10:01.17,39,353,-2264,-786,28,379,-32,-173,-142,15.19,-1725,-1076,-3543,4094.3125,3.68,980.5,42.002,3,98,75,59,47,46,12,13,176,163,171
1739394616.5002568,21:10:01.53,754,569,-5857,741,-628,-1242,-24,-142,-147,15.19,-1670,-739,-3587,4094.3125,3.67,980.51,42.035,3,133,66,51,50,40,8,19,174,165,168
1739394616.5725098,21:10:01.60,979,1285,-4676,47,-368,-715,-18,-136,-158,15.38,-1625,-640,-3627,4094.3125,3.66,980.53,42.038,3,95,51,54,52,43,8,16,176,165,168
1739394616.6447458,21:10:01.67,-52,820,-3383,-1203,-10,-1185,-14,-117,-159,14.9,-1640,-413,-3611,4094.3125,3.66,980.48,42.044,2,88,60,48,59,54,15,23,176,165,168
1739394616.7168543,21:10:01.74,-436,623,-2269,159,434,-986,-16,-105,-153,15.23,-1667,-379,-3588,4094.3125,3.65,980.49,42.044,2,101,57,50,50,44,4,15,178,165,170
1739394616.789082,21:10:01.82,976,203,-2350,347,362,-415,-25,-118,-156,14.85,-1736,-388,-3594,4094.3125,3.66,980.49,42.067,3,119,61,54,51,57,0,23,178,165,171
1739394616.8617203,21:10:01.89,462,490,-3339,1181,158,-310,-22,-119,-152,14.99,-1738,-485,-3560,4094.3125,3.66,980.55,42.073,2,100,52,43,50,43,6,12,177,167,171
1739394616.9339092,21:10:01.96,-251,-814,-5158,1486,300,197,-37,-137,-147,14.99,-1771,-654,-3565,4094.3125,3.66,980.54,42.079,3,113,67,71,57,41,19,11,177,164,171
1739394617.006028,21:10:02.03,278,-380,-5478,117,1348,-4,-35,-141,-134,14.99,-1854,-717,-3462,4094.3125,3.66,980.54,42.079,3,119,67,54,54,46,19,16,177,163,171
1739394617.0781667,21:10:02.10,2259,644,-5107,140,112,88,-51,-142,-145,14.99,-1911,-758,-3433,4094.25,3.67,980.53,42.092,3,109,65,70,54,45,15,17,176,165,171
1739394617.1502798,21:10:02.17,1955,-110,-4867,-1078,153,541,-45,-143,-139,14.85,-1939,-675,-3479,4094.25,3.67,980.53,42.115,3,100,64,52,52,49,16,13,179,164,171
1739394617.5003998,21:10:02.53,1948,220,-4960,-76,23,-771,-40,-120,-141,15.23,-1863,-567,-3449,4094.1875,3.66,980.5,42.125,3,101,61,46,58,49,3,28,179,164,171
1739394617.5725973,21:10:02.60,452,395,-5742,-643,-1652,-1597,-27,-119,-150,15.04,-1733,-373,-3561,4094.1875,3.65,980.51,42.147,3,100,55,62,67,46,20,17,177,166,170
1739394617.6446772,21:10:02.67,-865,1576,-5503,596,-1431,-1738,-3,-103,-153,15.14,-1499,-318,-3588,4094.1875,3.64,980.52,42.143,2,89,51,50,53,48,9,21,176,168,168
1739394617.716767,21:10:02.74,1009,760,-4151,-262,-21,-1723,4,-99,-162,14.99,-1486,-210,-3633,4094.1875,3.64,980.52,42.149,3,90,56,38,56,58,21,17,177,167,169
1739394617.7889612,21:10:02.82,-31,478,-3843,-807,129,-1355,2,-78,-157,15.14,-1481,-21,-3598,4094.1875,3.64,980.49,42.161,3,123,52,49,60,52,13,20,177,167,168
1739394617.8610785,21:10:02.89,419,646,-2509,-138,158,-964,1,-72,-156,14.85,-1450,72,-3586,4094.1875,3.64,980.5,42.149,3,113,47,61,55,52,0,12,177,167,167
1739394617.9331412,21:10:02.96,250,190,-2227,113,594,-76,-8,-67,-153,15.14,-1524,38,-3574,4094.1875,3.64,980.5,42.184,3,111,51,47,56,59,7,20,177,167,167
1739394618.005247,21:10:03.03,632,72,-2758,227,282,452,-16,-70,-144,15.14,-1584,2,-3561,4094.125,3.64,980.5,42.184,3,93,48,53,55,38,8,16,176,166,169
1739394618.0774648,21:10:03.10,-570,460,-5331,759,537,549,-12,-89,-147,15.38,-1635,-141,-3572,4094.125,3.64,980.49,42.189,2,111,52,59,52,48,12,16,177,165,170
1739394618.1496353,21:10:03.17,1256,742,-6278,815,542,832,-25,-100,-148,15.14,-1714,-258,-3515,4094.125,3.64,980.5,42.189,3,107,55,52,58,43,10,12,176,166,170
1739394618.5005336,21:10:03.53,-794,247,-2144,-489,491,-40,-39,-114,-142,14.99,-1871,-473,-3511,4094.125,3.62,980.51,42.22,2,113,62,47,54,49,11,23,178,162,169
1739394618.5727406,21:10:03.60,594,246,-3513,-547,378,-651,-39,-117,-140,14.99,-1917,-357,-3451,4094.125,3.61,980.5,42.243,3,107,60,57,47,51,12,18,176,165,168
1739394618.6448336,21:10:03.67,418,-221,-5264,68,-655,-764,-37,-101,-147,15.19,-1857,-320,-3460,4094.125,3.61,980.51,42.249,3,95,63,50,50,53,10,17,177,165,169
1739394618.7181659,21:10:03.75,839,136,-5827,-688,-1090,-1157,-29,-96,-155,15.04,-1745,-157,-3513,4094.125,3.6,980.49,42.249,3,130,66,54,55,53,22,17,176,165,168
1739394618.7907162,21:10:03.82,-161,1272,-5674,-294,-591,-828,-17,-84,-150,14.99,-1617,-38,-3584,4094.125,3.6,980.5,42.243,3,93,58,49,67,54,14,19,175,166,168
1739394618.8629375,21:10:03.89,1056,1426,-4174,-179,-307,-294,-11,-77,-156,14.9,-1571,22,-3596,4094.125,3.6,980.49,42.26,3,83,54,46,55,52,13,23,179,164,165
1739394618.9672568,21:10:04.00,-505,611,-3231,-810,543,-261,-14,-66,-152,15.14,-1560,105,-3515,4094.0625,3.6,980.5,42.271,3,101,53,50,55,57,7,17,178,164,165
1739394619.0403018,21:10:04.07,1748,382,-2072,-7,304,633,-14,-61,-145,14.71,-1651,142,-3539,4094.0625,3.6,980.49,42.277,3,117,61,44,57,39,6,19,177,164,166
1739394619.112437,21:10:04.14,801,430,-2354,358,-248,962,-12,-76,-147,14.9,-1658,41,-3541,4094.0625,3.6,980.49,42.283,3,127,65,43,60,30,5,16,176,163,166
1739394619.184588,21:10:04.21,-257,598,-4203,844,111,1872,-17,-91,-155,14.66,-1652,-144,-3507,4094.125,3.6,980.49,42.294,3,109,51,48,58,50,11,23,177,162,167
1739394619.5006812,21:10:04.53,1144,467,-3187,-1057,235,327,-25,-131,-148,14.85,-1831,-579,-3552,4094.0625,3.59,980.5,42.305,3,96,67,49,51,34,5,23,176,162,166
1739394619.5728886,21:10:04.60,63,1410,-3037,-478,535,660,-35,-120,-144,14.99,-1868,-573,-3492,4094.0625,3.58,980.48,42.323,3,101,60,54,60,48,16,15,177,161,167
1739394619.6449513,21:10:04.67,-224,971,-2229,235,493,-485,-35,-126,-144,14.66,-1944,-569,-3469,4094.0625,3.58,980.49,42.334,2,89,81,57,49,56,9,20,177,160,167
1739394619.717106,21:10:04.75,-73,1044,-2566,1101,191,-1214,-34,-132,-138,14.9,-1921,-600,-3462,4094.125,3.58,980.49,42.34,3,90,63,56,50,49,9,17,173,160,168
1739394619.789338,21:10:04.82,1097,-256,-3503,2088,5,-1846,-46,-142,-142,14.61,-1969,-728,-3443,4094.125,3.58,980.5,42.346,3,82,61,59,48,34,5,16,170,158,167
1739394619.8614497,21:10:04.89,876,-1678,-5081,723,-473,-1305,-35,-143,-134,14.9,-1964,-682,-3475,4094.125,3.57,980.52,42.336,2,77,55,57,52,35,22,2,168,158,164
1739394619.9335523,21:10:04.96,-265,-1273,-5757,-404,-671,-833,-38,-133,-144,15.04,-1902,-557,-3500,4094.125,3.57,980.52,42.359,3,100,72,50,55,33,18,12,169,158,166
1739394620.0056274,21:10:05.03,2001,2291,-4685,-1875,207,-834,-39,-114,-140,14.85,-1933,-343,-3461,4094.125,3.57,980.53,42.37,3,93,52,64,59,33,20,9,171,157,163
1739394620.077687,21:10:05.10,465,1386,-4743,-1240,34,-1335,-33,-85,-141,15.14,-1912,-39,-3445,4094.125,3.57,980.53,42.359,3,108,55,55,44,33,7,24,170,157,162
1739394620.1497529,21:10:05.17,-384,1564,-3422,-648,810,-883,-44,-73,-135,14.9,-1941,93,-3350,4094.0625,3.56,980.5,42.387,3,128,68,46,54,29,9,21,168,156,160
1739394620.5008235,21:10:05.53,1546,364,-5133,202,-603,1097,-53,-87,-136,14.85,-1954,-146,-3418,4094.0625,3.54,980.52,42.397,2,81,65,52,46,45,9,22,174,157,165
1739394620.573034,21:10:05.60,454,475,-5115,-123,92,1146,-49,-99,-138,14.8,-1916,-275,-3413,4094.0625,3.53,980.51,42.41,3,108,72,54,49,35,12,15,172,158,164
1739394620.645121,21:10:05.67,3793,883,-4341,-632,110,1033,-48,-98,-141,14.9,-2026,-178,-3407,4094.0,3.52,980.53,42.425,3,100,61,59,46,38,8,15,174,157,164
1739394620.7171855,21:10:05.75,534,325,-3934,-1181,-342,274,-41,-84,-142,14.66,-1994,-95,-3437,4094.0,3.51,980.55,42.427,2,87,57,53,49,35,24,15,173,158,163
1739394620.7893972,21:10:05.82,726,844,-2711,-565,-190,974,-38,-80,-134,14.85,-1951,-102,-3368,4094.0,3.51,980.54,42.438,3,89,68,44,53,39,10,12,174,158,164
1739394620.8615067,21:10:05.89,-133,390,-2321,-137,-767,272,-29,-86,-147,14.85,-1852,-95,-3467,4094.0625,3.51,980.51,42.438,3,87,58,54,44,49,12,14,174,159,164
1739394620.9335995,21:10:05.96,-668,812,-2509,626,-89,402,-32,-96,-142,14.8,-1859,-191,-3487,4094.0625,3.51,980.52,42.449,3,101,59,59,63,41,13,18,172,159,166
1739394621.0056472,21:10:06.03,296,-411,-4079,642,776,415,-44,-99,-145,14.9,-1946,-257,-3456,4094.0625,3.51,980.52,42.449,3,121,69,52,54,50,13,20,172,157,163
1739394621.0776887,21:10:06.10,833,466,-4932,-509,-508,-77,-41,-104,-138,14.71,-1893,-222,-3508,4094.0625,3.51,980.53,42.472,3,74,68,46,55,47,8,12,172,159,161
1739394621.1497662,21:10:06.17,-6,846,-5710,-509,-1122,-1153,-32,-78,-147,14.8,-1752,-74,-3526,4094.0625,3.51,980.52,42.467,3,80,53,58,50,50,0,9,172,160,160
1739394621.500951,21:10:06.53,418,-79,-1602,1727,321,-54,-14,-81,-155,14.52,-1638,11,-3558,4094.0625,3.48,980.54,42.499,3,96,59,60,57,42,23,36,175,162,166
1739394621.5731082,21:10:06.60,-546,-14,-2729,947,534,-16,-20,-90,-153,14.71,-1676,-147,-3569,4094.0625,3.47,980.54,42.499,2,103,63,48,50,42,6,19,170,162,167
1739394621.6451564,21:10:06.67,549,-347,-5495,964,836,898,-23,-110,-151,14.9,-1759,-270,-3556,4094.0625,3.45,980.51,42.501,3,81,59,62,49,51,22,6,172,160,167
1739394621.7171984,21:10:06.75,2079,477,-6238,918,-146,1226,-32,-119,-147,14.37,-1800,-551,-3556,4094.0625,3.44,980.53,42.502,3,83,48,49,52,29,4,9,171,161,169
1739394621.7893686,21:10:06.82,297,693,-5406,1921,235,1002,-30,-146,-153,15.04,-1767,-767,-3568,4094.0625,3.43,980.55,42.514,3,88,48,57,60,27,12,13,169,160,168
1739394621.8614452,21:10:06.89,1689,-764,-4027,565,1156,697,-48,-164,-141,14.37,-1889,-962,-3487,4094.0625,3.43,980.54,42.525,2,104,59,60,47,40,11,17,169,159,168
1739394621.9335027,21:10:06.96,484,-852,-3519,-1307,144,-20,-44,-152,-140,14.61,-1927,-884,-3462,4094.0625,3.43,980.55,42.537,4,110,63,55,50,33,15,23,172,160,167
1739394622.0055962,21:10:07.03,78,518,-2884,-1657,354,51,-39,-140,-135,14.47,-1948,-659,-3476,4094.0625,3.42,980.55,42.541,2,85,66,53,53,34,10,23,174,159,168
1739394622.077657,21:10:07.10,-180,1124,-2380,-756,-93,-1127,-43,-120,-141,14.52,-1955,-464,-3478,4094.0625,3.42,980.55,42.546,2,103,64,49,52,40,4,24,173,159,167
1739394622.1497018,21:10:07.17,320,481,-2514,579,-220,-1166,-38,-108,-141,14.52,-1920,-421,-3487,4094.0625,3.42,980.55,42.564,3,94,62,50,52,39,18,14,172,158,166
1739394622.501091,21:10:07.53,493,581,-4831,-647,-897,-1823,-7,-89,-155,14.8,-1649,-197,-3598,4094.0,3.41,980.56,42.592,2,75,46,52,59,57,18,14,171,161,166
1739394622.5732641,21:10:07.60,-365,388,-3433,-836,-249,-1344,-17,-76,-152,14.61,-1568,72,-3589,4094.0,3.4,980.58,42.592,3,112,48,43,53,43,22,15,173,162,165
1739394622.6453335,21:10:07.67,359,804,-2433,208,734,-369,-9,-68,-155,14.66,-1605,113,-3572,4094.0,3.39,980.56,42.588,2,100,50,57,49,51,9,20,173,163,165
1739394622.7173805,21:10:07.75,812,231,-2060,344,467,-74,-20,-75,-144,14.61,-1679,55,-3549,4093.9375,3.39,980.56,42.606,2,102,58,52,56,50,13,17,172,161,165
1739394622.7895365,21:10:07.82,109,-365,-2700,271,-137,222,-14,-78,-147,14.85,-1671,23,-3562,4093.9375,3.39,980.55,42.623,2,106,57,53,61,47,11,18,170,163,166
1739394622.8620377,21:10:07.89,-855,-310,-5255,163,233,374,-11,-80,-148,14.37,-1689,-41,-3554,4093.9375,3.4,980.58,42.633,3,108,50,53,47,42,0,17,173,162,166
1739394622.9341788,21:10:07.96,1269,420,-5721,934,360,1166,-22,-96,-155,14.52,-1779,-159,-3538,4094.0,3.4,980.58,42.633,3,88,47,60,47,37,0,9,172,160,166
1739394623.0062602,21:10:08.03,1220,552,-6147,1099,757,325,-33,-113,-148,14.61,-1838,-371,-3533,4094.0,3.4,980.57,42.642,3,101,64,55,53,36,14,18,171,159,167
1739394623.0783284,21:10:08.10,3130,-81,-4166,794,886,1351,-46,-122,-138,14.52,-1970,-548,-3474,4094.0,3.41,980.57,42.648,2,88,62,51,62,29,17,11,170,159,166
1739394623.1504078,21:10:08.17,1113,-909,-3600,-1418,-396,652,-44,-122,-135,14.47,-1929,-470,-3497,4094.0,3.41,980.57,42.654,3,101,62,50,55,44,6,19,171,159,166
1739394623.5012383,21:10:08.53,1069,-444,-5499,675,-455,-929,-39,-99,-142,14.32,-1957,-337,-3480,4093.9375,3.4,980.59,42.694,3,99,59,52,49,50,6,16,175,162,168
1739394623.5733905,21:10:08.60,1132,848,-5357,613,-1037,-1712,-30,-98,-146,14.85,-1807,-255,-3536,4093.9375,3.39,980.57,42.698,3,95,53,48,53,46,7,17,174,163,168
1739394623.6454568,21:10:08.67,1228,926,-4772,363,-223,-1445,-20,-100,-148,14.66,-1731,-227,-3582,4093.9375,3.38,980.57,42.698,3,105,50,57,55,46,16,10,174,163,168
1739394623.7175214,21:10:08.75,655,1127,-4395,481,-319,-908,-17,-91,-157,14.85,-1694,-168,-3586,4093.9375,3.38,980.57,42.703,3,115,48,55,58,45,8,15,173,162,167
1739394623.7898264,21:10:08.82,338,-426,-3584,-469,396,-634,-28,-77,-158,14.66,-1696,-119,-3578,4093.9375,3.38,980.57,42.726,2,92,43,55,53,43,12,15,172,162,166
1739394623.861947,21:10:08.89,396,-159,-2473,-1243,237,-184,-16,-72,-153,14.66,-1726,49,-3533,4093.9375,3.38,980.57,42.732,3,106,47,43,54,50,19,12,174,162,165
1739394623.9340162,21:10:08.96,436,644,-2340,-155,726,416,-35,-72,-144,14.66,-1825,91,-3506,4093.9375,3.38,980.56,42.738,2,84,55,43,48,32,21,20,175,160,161
1739394624.022318,21:10:09.05,247,228,-3833,-218,-414,504,-34,-73,-140,14.85,-1808,66,-3491,4093.9375,3.38,980.57,42.744,3,80,48,46,53,42,15,21,176,157,163
1739394624.1271205,21:10:09.16,-427,275,-5498,-387,508,919,-40,-67,-146,14.52,-1862,42,-3476,4093.9375,3.38,980.57,42.761,3,83,67,60,61,39,12,16,177,158,164
1739394624.231285,21:10:09.26,1698,1564,-5157,-65,385,382,-44,-73,-138,14.28,-1970,-31,-3418,4093.9375,3.38,980.58,42.767,3,97,70,56,47,49,9,16,175,156,161
1739394624.501531,21:10:09.53,-25,253,-2464,609,-241,899,-43,-92,-136,14.52,-1947,-237,-3484,4093.9375,3.37,980.56,42.786,2,93,58,52,42,35,15,39,174,157,160
1739394624.609319,21:10:09.64,301,-292,-2688,1108,573,839,-53,-118,-139,14.71,-2037,-490,-3453,4093.9375,3.36,980.57,42.801,3,101,61,62,48,40,12,23,173,156,162
1739394624.717032,21:10:09.75,606,-606,-4769,-422,-326,242,-46,-124,-145,14.71,-1958,-439,-3514,4093.9375,3.36,980.56,42.818,3,93,57,53,54,54,18,14,174,156,160
1739394624.8235633,21:10:09.85,212,914,-4827,-201,-1103,486,-29,-106,-147,14.52,-1822,-393,-3584,4093.9375,3.36,980.56,42.835,2,95,51,47,51,49,10,22,173,157,161
1739394624.9264233,21:10:09.95,1516,1631,-4977,202,500,-1187,-38,-113,-151,14.61,-1797,-355,-3577,4093.9375,3.36,980.54,42.847,3,115,55,47,53,51,12,20,173,156,160
1739394625.0340972,21:10:10.06,600,-176,-3806,-565,516,-427,-30,-103,-144,14.47,-1842,-234,-3543,4093.9375,3.36,980.55,42.87,3,110,45,48,49,46,11,19,174,156,159
1739394625.1417336,21:10:10.17,-139,833,-2440,-116,630,706,-40,-95,-144,14.61,-1912,-241,-3493,4093.9375,3.36,980.55,42.875,3,104,69,57,54,38,12,11,173,154,160
1739394625.2494054,21:10:10.28,993,51,-2759,102,123,526,-44,-106,-145,14.61,-2006,-366,-3475,4093.9375,3.35,980.56,42.883,2,96,60,52,48,54,14,24,172,155,159
1739394625.35705,21:10:10.38,-491,93,-5439,-187,207,689,-37,-119,-142,14.37,-2006,-431,-3467,4093.9375,3.35,980.56,42.894,2,93,52,39,42,58,0,19,174,155,159
1739394625.464667,21:10:10.49,1429,914,-5077,715,-104,420,-48,-126,-141,14.71,-2015,-568,-3479,4093.9375,3.34,980.58,42.894,2,82,56,42,59,37,17,14,173,155,161
1739394625.5726933,21:10:10.60,2039,293,-3941,868,727,691,-62,-146,-136,14.71,-2072,-693,-3436,4094.0,3.34,980.57,42.912,2,96,61,56,45,39,6,20,173,153,161
1739394625.6759567,21:10:10.70,822,-219,-3395,-495,-599,136,-51,-137,-138,14.37,-2004,-685,-3459,4094.0,3.33,980.58,42.919,2,124,62,55,58,43,18,19,172,155,160
1739394625.78164,21:10:10.81,-114,635,-2340,-282,-157,82,-45,-131,-148,14.47,-1983,-664,-3486,4093.9375,3.32,980.57,42.925,3,113,60,48,59,28,12,20,172,154,160
1739394625.8894343,21:10:10.92,581,-829,-2902,600,470,-500,-60,-141,-136,14.8,-2065,-714,-3438,4093.9375,3.31,980.58,42.942,2,99,67,46,50,36,11,19,171,152,160
1739394625.9971583,21:10:11.02,1322,-661,-4747,-530,618,-90,-59,-132,-135,14.66,-2114,-634,-3401,4093.875,3.31,980.59,42.948,3,110,57,43,45,43,15,25,170,154,160
1739394626.1048512,21:10:11.13,-734,762,-5721,215,-995,-548,-41,-122,-142,14.52,-1994,-512,-3484,4093.875,3.3,980.57,42.954,3,116,69,42,43,43,9,22,168,152,158
1739394626.2125523,21:10:11.24,2594,2484,-4153,19,-1039,-1389,-39,-106,-147,14.71,-1897,-296,-3544,4093.875,3.29,980.57,42.971,3,86,45,50,46,36,12,20,172,155,156
1739394626.320258,21:10:11.35,432,775,-3353,-357,115,-1169,-33,-92,-141,14.66,-1855,-158,-3527,4093.875,3.29,980.58,42.977,3,77,64,55,52,47,10,29,173,155,158
1739394626.427924,21:10:11.46,784,147,-2186,1235,744,73,-46,-106,-138,14.47,-1940,-296,-3511,4093.875,3.28,980.56,43.004,2,122,58,54,42,41,3,21,171,156,161
1739394626.5356143,21:10:11.56,137,102,-3464,411,-263,468,-37,-122,-150,14.13,-1920,-427,-3532,4093.875,3.28,980.57,43.004,2,96,62,47,50,41,11,24,172,155,160
1739394626.6434712,21:10:11.67,712,98,-5565,-233,636,314,-35,-120,-139,14.32,-1979,-498,-3501,4093.875,3.27,980.58,43.009,2,91,55,51,55,51,11,24,170,152,160
1739394626.7496116,21:10:11.78,2108,216,-5542,-158,886,103,-56,-137,-138,14.37,-2074,-577,-3439,4093.8125,3.27,980.56,43.027,3,90,52,53,45,30,9,17,170,152,160
1739394626.850789,21:10:11.88,2701,-590,-3506,107,-122,694,-60,-123,-131,14.47,-2079,-641,-3431,4093.8125,3.26,980.57,43.028,2,92,57,56,47,36,5,23,170,153,160
1739394626.9535632,21:10:11.98,276,507,-2983,-394,57,1723,-51,-147,-135,14.37,-2037,-730,-3476,4093.8125,3.26,980.58,43.052,3,110,58,60,48,43,20,26,171,153,160
1739394627.0612514,21:10:12.09,-108,91,-2640,-156,204,188,-54,-157,-138,14.32,-2048,-778,-3465,4093.8125,3.26,980.58,43.052,3,73,53,59,56,39,6,18,170,151,160
1739394627.1670928,21:10:12.19,388,-57,-3824,454,86,-230,-53,-143,-127,14.47,-2077,-824,-3456,4093.875,3.26,980.59,43.086,2,74,57,53,52,48,3,24,168,150,159
1739394627.270048,21:10:12.30,1063,-952,-5125,-429,-149,-534,-58,-141,-131,14.28,-2053,-701,-3464,4093.875,3.25,980.6,43.074,3,89,53,41,49,47,16,13,168,151,159
1739394627.377793,21:10:12.41,1466,889,-5457,-1177,603,-417,-56,-124,-135,14.18,-2097,-448,-3427,4093.8125,3.24,980.59,43.099,3,93,64,34,50,45,1,32,167,149,156
1739394627.4854605,21:10:12.51,391,1836,-4381,848,-817,-733,-59,-119,-147,14.18,-1994,-447,-3495,4093.8125,3.24,980.59,43.116,3,83,55,54,51,44,16,17,169,151,157
1739394627.593177,21:10:12.62,-113,262,-2826,236,119,-1125,-53,-105,-134,14.18,-1996,-333,-3479,4093.8125,3.23,980.56,43.116,2,83,59,45,46,35,6,17,169,151,158
1739394627.7010117,21:10:12.73,805,398,-2377,-231,35,-1001,-48,-98,-141,14.28,-2002,-225,-3466,4093.9375,3.22,980.57,43.126,2,128,67,42,41,46,3,31,170,153,157
1739394627.8088706,21:10:12.83,666,617,-3723,712,-164,16,-48,-95,-139,14.28,-1989,-301,-3467,4093.9375,3.21,980.59,43.143,2,99,63,48,52,45,8,23,169,153,159
1739394627.916588,21:10:12.94,788,508,-5753,408,97,448,-48,-108,-144,14.28,-1985,-396,-3487,4093.875,3.21,980.56,43.155,2,109,62,44,41,48,5,18,169,152,160
1739394628.024255,21:10:13.05,1925,904,-5404,763,676,202,-45,-128,-136,14.28,-2072,-624,-3432,4093.875,3.2,980.57,43.17,2,91,61,50,55,35,12,17,169,151,162
1739394628.1319306,21:10:13.16,1356,-1024,-3559,-275,52,399,-50,-133,-127,14.47,-2086,-715,-3427,4093.875,3.19,980.56,43.177,3,100,64,50,55,30,4,18,169,153,161
1739394628.239602,21:10:13.26,1040,506,-2376,-758,-175,861,-59,-140,-140,14.37,-2062,-691,-3452,4093.875,3.18,980.57,43.189,2,78,63,55,55,47,0,12,170,155,160
1739394628.3473253,21:10:13.37,-77,582,-2546,207,181,-392,-59,-132,-135,14.37,-2049,-671,-3433,4093.875,3.17,980.57,43.185,2,74,56,56,40,45,0,18,170,152,160
1739394628.4549472,21:10:13.48,1328,-1015,-4300,723,-91,130,-53,-146,-136,14.18,-2072,-781,-3435,4093.875,3.16,980.59,43.214,2,101,52,37,60,51,11,13,169,155,162
1739394628.5626302,21:10:13.59,221,391,-5383,376,-1299,-776,-37,-140,-147,14.37,-1870,-743,-3558,4093.875,3.15,980.57,43.223,3,84,51,52,64,40,9,22,170,157,161
1739394628.6702769,21:10:13.70,2904,611,-4442,-886,146,-1568,-35,-126,-148,14.28,-1845,-554,-3575,4093.875,3.14,980.58,43.229,3,80,60,48,60,51,20,21,171,157,161
1739394628.7765703,21:10:13.80,-10,673,-3734,-380,-317,-1060,-23,-110,-161,14.18,-1755,-417,-3600,4093.875,3.13,980.57,43.23,3,88,50,48,61,45,9,25,172,158,160
1739394628.8782957,21:10:13.91,327,-234,-2592,702,693,-216,-30,-115,-151,14.13,-1854,-485,-3561,4093.8125,3.12,980.58,43.242,2,79,64,56,43,38,10,17,171,157,162
1739394628.9818342,21:10:14.01,863,-504,-2544,64,407,370,-43,-126,-146,14.18,-1921,-539,-3505,4093.8125,3.12,980.56,43.253,3,110,60,52,43,39,16,11,171,156,164
1739394629.0802536,21:10:14.10,-167,215,-4664,-331,-33,475,-40,-120,-144,14.18,-1916,-542,-3507,4093.875,3.11,980.56,43.278,3,76,60,54,51,42,12,13,169,156,163
1739394629.1523647,21:10:14.18,308,269,-5939,321,392,447,-46,-127,-135,14.28,-1952,-594,-3481,4093.875,3.11,980.56,43.278,2,120,52,50,52,42,2,14,170,155,163
1739394629.2244327,21:10:14.25,670,-780,-5637,561,382,101,-39,-132,-142,14.37,-1974,-684,-3477,4093.875,3.11,980.56,43.278,2,99,63,51,57,35,3,15,169,155,163
1739394629.2965088,21:10:14.32,2340,1057,-4228,485,366,1013,-56,-140,-135,14.37,-2025,-754,-3450,4093.8125,3.12,980.56,43.311,3,121,42,53,58,45,12,12,167,156,165
1739394629.3685725,21:10:14.39,1222,-761,-3290,567,123,544,-44,-157,-133,13.84,-2031,-884,-3405,4093.8125,3.12,980.56,43.305,3,83,59,57,47,34,0,8,167,155,163
1739394629.4407668,21:10:14.47,51,-1,-2829,-410,273,594,-54,-160,-130,14.18,-2027,-878,-3405,4093.8125,3.12,980.58,43.317,2,87,50,48,59,37,1,16,168,155,162
1739394629.5129485,21:10:14.54,476,-159,-2422,-755,-293,178,-50,-154,-134,13.99,-2013,-839,-3474,4093.8125,3.12,980.57,43.317,3,76,62,43,41,37,2,17,167,155,164
1739394629.7767177,21:10:14.80,777,-445,-5417,-216,-885,-1362,-48,-133,-134,14.13,-2007,-502,-3418,4093.75,3.12,980.56,43.352,2,113,55,47,46,38,2,19,167,155,160
1739394629.8490617,21:10:14.87,220,180,-5868,-378,685,-1306,-45,-115,-131,13.84,-2024,-405,-3414,4093.75,3.11,980.56,43.354,3,84,51,42,50,47,6,18,168,155,160
1739394629.921144,21:10:14.95,1668,1601,-3593,-663,-669,-1788,-41,-89,-138,14.13,-1963,-137,-3438,4093.75,3.11,980.57,43.365,4,83,62,56,46,50,8,12,170,155,160
1739394629.9932127,21:10:15.02,678,926,-3843,-248,-315,-1691,-39,-73,-135,14.08,-1908,4,-3422,4093.8125,3.12,980.57,43.375,3,106,43,54,58,43,6,17,169,157,159
1739394630.0652542,21:10:15.09,-619,554,-2783,-175,-404,-1567,-29,-71,-145,14.28,-1821,144,-3449,4093.8125,3.12,980.58,43.398,3,104,59,54,55,43,11,18,168,157,160
1739394630.1373053,21:10:15.16,597,282,-2174,827,434,-956,-34,-68,-147,13.94,-1834,145,-3441,4093.8125,3.12,980.58,43.392,2,112,51,54,58,50,19,17,169,157,162
1739394630.2093458,21:10:15.23,1001,-341,-2877,924,289,-286,-34,-66,-150,14.32,-1865,49,-3457,4093.8125,3.13,980.57,43.398,2,115,47,49,63,50,17,12,169,156,161
1739394630.2813885,21:10:15.31,572,-896,-5126,90,484,837,-30,-72,-141,14.08,-1919,-7,-3419,4093.75,3.13,980.57,43.41,3,108,50,59,59,51,3,16,168,156,161
1739394630.353429,21:10:15.38,1879,404,-5593,48,351,1447,-43,-80,-131,14.18,-1954,-160,-3429,4093.75,3.14,980.56,43.423,3,111,67,53,57,44,0,11,169,156,162
1739394630.4254854,21:10:15.45,373,148,-5541,1265,70,1349,-40,-110,-136,13.84,-1972,-369,-3448,4093.75,3.14,980.57,43.441,3,116,53,57,52,44,17,11,167,156,165
1739394630.7768645,21:10:15.80,-561,748,-3165,-63,299,76,-53,-126,-136,14.32,-2063,-532,-3424,4093.75,3.13,980.56,43.466,2,113,67,63,56,45,10,20,167,155,162
1739394630.8491566,21:10:15.87,-167,81,-4449,464,290,-551,-54,-124,-133,14.08,-2088,-549,-3399,4093.75,3.12,980.55,43.466,3,113,61,52,44,48,10,12,168,153,160
1739394630.9212592,21:10:15.95,972,-45,-5350,696,66,-1257,-58,-120,-131,14.18,-2118,-569,-3355,4093.75,3.11,980.56,43.492,3,108,60,46,46,50,11,17,165,154,160
1739394630.9933145,21:10:16.02,875,-642,-5166,506,-1126,-2240,-44,-117,-135,14.37,-1995,-417,-3447,4093.75,3.11,980.56,43.492,3,131,55,47,54,44,18,0,164,154,158
1739394631.0653663,21:10:16.09,1700,136,-4703,-867,212,-1651,-40,-92,-144,14.18,-2008,-81,-3445,4093.75,3.11,980.56,43.498,3,102,58,47,52,39,21,17,165,154,159
1739394631.1374075,21:10:16.16,1007,1518,-4191,-467,-392,-939,-38,-80,-139,14.18,-1939,-42,-3439,4093.75,3.11,980.56,43.51,3,115,52,60,61,35,19,0,166,154,159
1739394631.2094505,21:10:16.23,-44,377,-3457,-108,396,-1234,-40,-75,-139,14.28,-1939,90,-3420,4093.75,3.11,980.57,43.515,3,92,48,59,48,48,10,17,168,153,155
1739394631.2815347,21:10:16.31,214,634,-3078,-568,353,-1456,-45,-54,-127,13.84,-1957,234,-3364,4093.75,3.11,980.56,43.51,3,120,59,57,45,44,15,20,168,154,158
1739394631.3536322,21:10:16.38,875,715,-2601,17,77,-1277,-37,-48,-133,14.08,-1917,333,-3379,4093.75,3.11,980.56,43.539,3,122,58,45,52,42,16,15,168,155,158
1739394631.4257069,21:10:16.45,240,-30,-3069,247,-243,-571,-38,-39,-136,13.99,-1883,370,-3368,4093.75,3.11,980.56,43.544,2,115,62,44,52,34,4,13,168,155,158
1739394631.7770033,21:10:16.80,1782,-94,-3163,422,232,1203,-65,-87,-122,13.84,-2192,-106,-3299,4093.75,3.09,980.55,43.575,2,74,57,53,44,40,5,21,167,150,161
1739394631.8492749,21:10:16.87,577,-91,-2982,-484,40,1060,-65,-87,-127,13.99,-2201,-163,-3306,4093.75,3.08,980.57,43.571,2,90,66,52,47,33,3,17,166,151,159
1739394631.9213686,21:10:16.95,175,609,-2780,-995,15,789,-67,-87,-129,14.13,-2221,-134,-3278,4093.6875,3.08,980.55,43.565,3,109,57,60,42,45,9,13,167,151,159
1739394631.9934216,21:10:17.02,-239,771,-3083,-566,-200,-113,-69,-84,-123,14.08,-2181,-67,-3302,4093.6875,3.08,980.55,43.588,3,105,57,47,52,47,9,19,168,150,156
1739394632.0654683,21:10:17.09,420,253,-3741,464,24,-429,-62,-87,-127,14.18,-2182,-51,-3314,4093.6875,3.08,980.55,43.617,3,102,59,51,45,52,8,9,167,150,159
1739394632.1375031,21:10:17.16,1145,150,-4668,467,200,-436,-58,-72,-129,13.94,-2194,-75,-3313,4093.75,3.08,980.55,43.617,3,105,48,60,49,48,20,6,166,151,158
1739394632.2095714,21:10:17.24,542,123,-4861,-16,-1124,-1625,-51,-76,-133,13.94,-2056,12,-3345,4093.75,3.08,980.58,43.629,3,78,61,49,59,42,11,15,165,153,159
1739394632.2816093,21:10:17.31,-160,125,-5496,395,100,-1137,-46,-71,-133,14.18,-2012,69,-3400,4093.75,3.08,980.57,43.623,3,104,58,47,46,54,16,13,166,153,158
1739394632.3536968,21:10:17.38,1831,1302,-4125,-927,-9,-2155,-48,-42,-129,14.08,-1968,268,-3346,4093.75,3.08,980.57,43.64,3,101,58,47,47,56,6,26,167,154,156
1739394632.4257665,21:10:17.45,333,1790,-3707,-385,-387,-1581,-40,-29,-134,13.99,-1856,514,-3355,4093.75,3.08,980.58,43.646,3,108,48,40,51,52,13,20,167,154,158
1739394632.7771497,21:10:17.80,903,334,-5137,-5,381,830,-35,-24,-127,14.13,-1865,649,-3317,4093.6875,3.07,980.58,43.681,3,117,52,47,57,46,4,24,168,153,157
1739394632.849387,21:10:17.87,1594,261,-4968,799,-247,1393,-34,-30,-128,14.13,-1915,483,-3340,4093.75,3.06,980.57,43.694,3,111,57,59,42,50,8,15,168,152,157
1739394632.9214604,21:10:17.95,1595,1362,-4800,-443,723,1040,-37,-35,-123,14.13,-1967,446,-3325,4093.75,3.05,980.58,43.688,3,100,57,47,54,49,3,17,167,153,159
1739394632.9935257,21:10:18.02,1527,502,-2843,132,-199,1168,-51,-38,-135,13.8,-2042,341,-3320,4093.75,3.04,980.56,43.707,3,78,58,43,46,54,2,13,167,153,159
1739394633.0655863,21:10:18.09,1454,-62,-3385,-1586,-144,-50,-49,-40,-135,14.18,-2021,413,-3306,4093.6875,3.04,980.57,43.718,3,87,56,55,47,47,19,17,166,152,156
1739394633.1376424,21:10:18.16,593,1013,-3090,-909,-433,48,-46,-25,-123,14.08,-1959,588,-3285,4093.6875,3.04,980.57,43.724,2,110,65,43,52,49,16,11,167,151,155
1739394633.209685,21:10:18.24,686,1074,-3338,-259,-387,-827,-38,-14,-122,14.28,-1893,666,-3290,4093.6875,3.04,980.57,43.736,3,100,61,54,63,46,7,16,166,151,155
1739394633.2817276,21:10:18.31,-180,762,-3795,229,-241,-815,-32,-10,-130,14.28,-1804,716,-3320,4093.75,3.04,980.57,43.753,2,107,43,43,51,44,0,9,166,152,154
1739394633.3537898,21:10:18.38,732,764,-4115,919,263,-522,-27,-15,-140,13.84,-1800,711,-3328,4093.75,3.03,980.57,43.753,3,98,54,47,56,46,18,10,166,153,156
1739394633.4258397,21:10:18.45,1268,107,-4285,1234,7,-122,-34,-33,-130,14.08,-1808,533,-3389,4093.75,3.04,980.57,43.759,3,95,65,45,52,50,9,16,165,154,158
1739394633.777293,21:10:18.80,-109,613,-4023,-731,-188,-718,1,-16,-148,13.56,-1474,699,-3497,4093.6875,3.02,980.54,43.796,3,82,51,58,53,46,16,16,167,156,157
1739394633.8494978,21:10:18.87,167,943,-3415,-918,-19,-680,-1,6,-144,14.08,-1429,895,-3428,4093.6875,3.01,980.53,43.807,3,95,47,43,48,54,10,16,167,157,158
1739394633.9216015,21:10:18.95,410,1001,-3372,423,-62,-183,4,7,-142,13.99,-1408,871,-3442,4093.6875,3.0,980.54,43.819,3,75,58,44,53,61,6,11,167,157,158
1739394633.9936852,21:10:19.02,93,159,-3395,677,-122,118,6,-1,-151,13.8,-1390,814,-3492,4093.75,3.0,980.54,43.825,3,119,50,56,57,42,3,14,170,156,155
1739394634.0760608,21:10:19.10,-285,205,-3620,448,170,390,-2,-15,-147,13.75,-1389,715,-3515,4093.75,2.99,980.55,43.838,2,82,52,54,54,43,13,18,167,155,158
1739394634.182237,21:10:19.21,-409,-409,-4577,304,41,243,4,-22,-155,13.99,-1439,591,-3540,4093.75,2.99,980.52,43.832,3,114,50,51,55,40,9,19,168,154,157
1739394634.2850513,21:10:19.31,-177,-807,-4441,226,384,701,-4,-25,-157,14.08,-1553,559,-3516,4093.6875,2.99,980.53,43.844,3,79,66,51,60,49,8,10,167,153,156
1739394634.392694,21:10:19.42,1914,1737,-4374,-1022,586,658,-17,-17,-140,13.99,-1663,682,-3421,4093.6875,2.98,980.53,43.861,3,95,60,57,51,32,15,25,168,152,156
1739394634.500344,21:10:19.53,1106,269,-3740,-79,291,211,-16,-19,-136,13.8,-1753,565,-3426,4093.6875,2.98,980.54,43.878,2,88,49,48,48,49,14,19,168,151,156
1739394634.6081107,21:10:19.64,391,483,-3540,384,436,935,-35,-42,-139,14.13,-1849,397,-3420,4093.6875,2.98,980.55,43.89,2,96,59,59,48,52,12,16,167,151,157
1739394634.777605,21:10:19.80,842,667,-3587,519,407,-471,-41,-48,-140,13.84,-1939,293,-3420,4093.6875,2.97,980.52,43.909,3,97,51,44,48,51,1,17,167,151,157
1739394634.884478,21:10:19.91,650,102,-4377,527,-523,-1665,-23,-34,-139,13.99,-1823,342,-3447,4093.6875,2.97,980.54,43.921,3,84,64,64,51,50,5,18,167,152,158
1739394634.9872222,21:10:20.01,508,363,-4578,772,32,-2117,-22,-40,-142,14.08,-1727,476,-3488,4093.6875,2.96,980.54,43.932,2,95,50,51,54,53,10,18,167,153,158
1739394635.094966,21:10:20.12,707,191,-4299,-797,-162,-2502,0,-7,-147,13.75,-1550,804,-3431,4093.6875,2.96,980.55,43.944,2,113,61,48,46,60,16,17,169,154,158
1739394635.202655,21:10:20.23,798,1437,-3311,497,-410,-1767,1,11,-141,13.84,-1359,910,-3460,4093.6875,2.95,980.55,43.953,3,88,48,59,54,48,12,20,169,154,158
1739394635.310323,21:10:20.33,540,240,-3858,-119,547,-1049,20,14,-144,14.18,-1315,989,-3437,4093.6875,2.95,980.53,43.953,3,130,50,42,45,50,6,16,167,154,158
1739394635.4180143,21:10:20.44,628,286,-3790,-115,370,-544,7,12,-147,13.99,-1314,1047,-3401,4093.6875,2.94,980.53,43.965,3,97,36,50,48,56,11,11,167,154,156
1739394635.5256681,21:10:20.55,511,-84,-4100,51,-339,-129,20,8,-141,13.65,-1241,1072,-3414,4093.6875,2.94,980.53,44.006,3,91,55,48,56,52,6,13,168,153,154
1739394635.6333797,21:10:20.66,80,642,-4210,-424,-225,396,22,25,-138,14.08,-1210,1110,-3409,4093.6875,2.93,980.54,44.007,3,107,49,50,53,48,11,19,168,153,156
1739394635.7411501,21:10:20.77,435,715,-4337,829,661,1043,16,16,-148,14.08,-1339,987,-3418,4093.6875,2.93,980.52,44.001,2,110,49,50,44,48,7,24,168,152,158
1739394635.845644,21:10:20.87,901,73,-4364,212,363,475,4,5,-145,13.84,-1464,837,-3448,4093.625,2.92,980.53,44.025,2,109,50,48,55,48,11,23,169,154,159
1739394635.950258,21:10:20.98,544,327,-3143,266,-195,832,-7,-20,-150,14.18,-1510,701,-3478,4093.625,2.92,980.54,44.036,2,98,54,51,46,46,21,20,169,154,159
1739394636.0579207,21:10:21.08,5,130,-4101,-305,581,-192,-3,-16,-146,13.84,-1590,737,-3403,4093.625,2.91,980.51,44.05,2,102,63,53,42,53,14,20,167,152,157
1739394636.165601,21:10:21.19,104,142,-4082,-353,205,-602,-3,-1,-134,14.08,-1587,835,-3386,4093.625,2.91,980.51,44.05,2,117,46,46,52,42,9,20,166,152,156
1739394636.2735295,21:10:21.30,708,316,-3857,-27,37,-843,-6,8,-144,13.8,-1556,959,-3337,4093.625,2.91,980.51,44.073,2,101,44,49,44,44,14,17,166,150,156
1739394636.3758557,21:10:21.40,1113,354,-4199,-367,36,-1428,-4,17,-133,13.84,-1451,1130,-3349,4093.6875,2.9,980.52,44.079,3,100,61,49,56,52,7,20,167,151,154
1739394636.4822607,21:10:21.51,801,579,-4090,97,-608,-1715,16,34,-139,13.84,-1249,1217,-3344,4093.6875,2.9,980.51,44.084,2,121,45,52,44,40,1,26,167,154,157
1739394636.5900702,21:10:21.62,1387,-163,-4077,694,14,-1155,29,30,-147,13.84,-1132,1176,-3404,4093.6875,2.9,980.52,44.102,2,103,36,56,40,68,0,25,167,155,155
1739394636.6977332,21:10:21.73,128,-123,-3393,-506,-707,-1142,43,36,-141,14.08,-897,1319,-3390,4093.6875,2.9,980.53,44.119,3,112,41,50,58,60,16,15,168,153,153
1739394636.8044322,21:10:21.83,216,1188,-3832,-995,545,-707,53,52,-141,13.94,-851,1505,-3269,4093.625,2.9,980.53,44.125,2,112,41,46,48,52,6,14,166,151,151
1739394636.9069755,21:10:21.93,712,1515,-4139,191,206,-526,59,71,-123,14.13,-843,1592,-3238,4093.625,2.9,980.53,44.137,2,115,42,49,47,67,16,8,166,151,152
1739394637.0130732,21:10:22.04,871,829,-3973,649,104,-366,59,63,-135,13.8,-790,1501,-3315,4093.625,2.89,980.5,44.154,3,88,38,57,54,54,16,12,166,153,152
1739394637.1155097,21:10:22.14,369,234,-4009,57,230,-187,64,63,-138,13.99,-790,1505,-3306,4093.625,2.89,980.5,44.166,3,85,31,53,58,66,5,26,166,151,151
1739394637.2231455,21:10:22.25,350,773,-4015,-724,177,-311,67,70,-127,14.08,-793,1620,-3228,4093.625,2.89,980.5,44.172,3,121,44,48,45,62,20,17,164,149,150
1739394637.3308115,21:10:22.36,675,1215,-3970,-450,239,-8,60,80,-117,13.8,-830,1702,-3154,4093.625,2.89,980.51,44.189,3,81,54,40,44,69,14,18,165,150,151
1739394637.4384782,21:10:22.46,827,1201,-3940,364,137,-440,65,77,-129,13.65,-764,1698,-3168,4093.625,2.89,980.51,44.206,3,93,41,42,53,65,4,8,166,150,150
1739394637.5461211,21:10:22.57,348,905,-3838,-230,-180,-1103,79,73,-121,13.99,-635,1807,-3146,4093.625,2.89,980.52,44.206,2,125,49,49,45,56,16,12,164,151,150
1739394637.6537871,21:10:22.68,162,903,-3918,-344,17,-1421,91,94,-121,14.08,-465,1855,-3107,4093.625,2.89,980.52,44.235,3,108,48,52,54,57,0,17,164,151,150
1739394637.7598536,21:10:22.78,363,1011,-3792,18,383,-526,92,92,-115,13.84,-427,1852,-3136,4093.625,2.89,980.52,44.241,3,91,58,46,59,51,8,17,166,151,150
1739394637.8626394,21:10:22.89,951,733,-3801,-13,-71,7,97,90,-129,13.84,-394,1849,-3104,4093.625,2.89,980.51,44.247,2,98,50,52,54,61,12,14,166,151,150
1739394637.970524,21:10:23.00,232,1026,-3797,-196,-248,49,104,100,-122,13.84,-340,1880,-3083,4093.625,2.89,980.51,44.276,3,93,51,50,48,54,4,9,167,151,150
1739394638.078216,21:10:23.10,569,926,-3861,317,157,124,103,94,-125,13.84,-361,1850,-3117,4093.625,2.89,980.51,44.276,3,113,63,48,58,57,4,22,166,153,150
1739394638.185888,21:10:23.21,402,773,-3930,59,-226,-110,103,89,-130,13.84,-333,1844,-3137,4093.625,2.89,980.52,44.288,3,89,40,52,59,55,7,24,165,151,152
1739394638.2936075,21:10:23.32,176,719,-3879,248,16,314,109,87,-124,13.75,-349,1788,-3145,4093.625,2.89,980.52,44.297,3,90,50,54,47,64,12,16,166,153,151
1739394638.4013336,21:10:23.43,394,567,-3805,282,-451,215,99,77,-124,13.99,-339,1749,-3196,4093.625,2.88,980.52,44.322,3,93,61,55,50,62,16,15,166,153,153
1739394638.5068822,21:10:23.53,-360,702,-3894,-83,-160,236,107,85,-129,13.84,-331,1752,-3200,4093.625,2.88,980.52,44.316,3,122,45,47,53,57,17,20,165,153,152
1739394638.6103556,21:10:23.64,241,898,-3883,313,56,136,101,89,-130,13.94,-367,1714,-3235,4093.625,2.88,980.52,44.357,2,91,57,44,55,53,17,11,166,153,152
1739394638.718094,21:10:23.75,119,806,-3986,-115,77,-220,102,85,-136,13.84,-338,1729,-3215,4093.625,2.88,980.5,44.369,2,103,51,47,62,55,20,21,166,152,151
1739394638.8225262,21:10:23.85,580,1071,-3915,-106,68,-378,99,80,-131,13.8,-334,1761,-3196,4093.625,2.87,980.52,44.363,2,81,43,53,53,46,1,16,165,153,153
1739394638.927139,21:10:23.95,91,906,-4064,141,123,-319,107,82,-136,13.84,-313,1723,-3228,4093.625,2.87,980.52,44.38,3,99,43,39,64,56,12,26,164,154,151
1739394639.0350084,21:10:24.06,300,444,-3904,345,110,-211,106,73,-130,14.08,-287,1704,-3254,4093.625,2.87,980.53,44.386,3,96,46,57,50,51,11,27,166,152,152
1739394639.1392834,21:10:24.17,161,657,-3948,-209,-294,-223,117,82,-141,13.8,-238,1714,-3236,4093.625,2.87,980.53,44.398,3,86,40,43,63,61,9,16,167,155,150
1739394639.2278552,21:10:24.25,-164,917,-3977,-17,306,45,108,78,-135,13.84,-248,1704,-3229,4093.625,2.86,980.53,44.405,2,101,45,50,53,53,19,25,166,153,151
1739394639.3224058,21:10:24.35,497,695,-3929,-13,176,-172,109,85,-131,13.84,-272,1709,-3233,4093.625,2.86,980.53,44.405,2,105,44,54,53,55,10,21,165,152,152
1739394639.4304516,21:10:24.46,-232,604,-3842,-197,25,-250,109,80,-131,13.75,-243,1729,-3211,4093.625,2.86,980.54,44.428,3,81,53,54,50,55,5,19,165,152,152
1739394639.5382907,21:10:24.57,-75,844,-3828,-195,606,-265,109,87,-131,13.84,-295,1801,-3142,4093.625,2.86,980.52,44.44,3,86,58,37,57,53,14,17,164,151,150
1739394639.646162,21:10:24.67,812,486,-4135,-695,92,-1064,116,104,-123,14.08,-187,1964,-3040,4093.625,2.85,980.51,44.452,2,98,57,40,52,72,12,21,165,149,148
1739394639.7540455,21:10:24.78,-170,1510,-3815,89,-169,-409,127,103,-119,13.99,-85,1979,-3018,4093.625,2.85,980.52,44.464,2,97,51,54,58,56,16,15,165,151,149
1739394639.8619738,21:10:24.89,434,871,-3822,422,206,-168,123,94,-123,13.75,-104,1923,-3079,4093.625,2.85,980.52,44.493,2,99,58,57,55,57,15,22,165,151,148
1739394639.9700854,21:10:25.00,131,1332,-3741,-377,175,-502,129,108,-127,13.94,-75,1976,-3032,4093.625,2.85,980.53,44.504,3,121,52,35,54,56,4,17,164,150,147
1739394640.0720048,21:10:25.10,450,1312,-3947,-108,-117,-243,138,109,-108,13.8,-2,2026,-3014,4093.5625,2.85,980.52,44.51,3,80,50,40,62,53,2,22,162,151,149
1739394640.179926,21:10:25.21,-22,1159,-3880,-100,-474,-226,135,114,-116,13.84,104,2027,-2991,4093.5625,2.84,980.53,44.523,3,82,45,44,59,59,11,28,163,151,150
1739394640.2877789,21:10:25.32,-44,1243,-3870,42,148,-17,144,103,-119,13.8,115,2028,-2988,4093.5625,2.84,980.53,44.523,3,105,45,38,61,57,9,20,162,150,148
1739394640.3956304,21:10:25.42,11,1017,-3826,-161,-8,-78,140,104,-111,13.8,160,2045,-2968,4093.625,2.84,980.51,44.535,3,107,41,41,51,50,8,14,163,150,149
1739394640.5035872,21:10:25.53,55,1329,-3868,-19,-41,-253,149,110,-119,13.84,198,2036,-2966,4093.625,2.83,980.53,44.552,2,109,54,40,53,59,5,13,163,151,149
1739394640.611427,21:10:25.64,-285,1221,-3910,65,-97,-261,144,105,-115,13.84,237,2046,-2965,4093.5625,2.83,980.52,44.564,2,92,49,43,57,52,7,24,162,151,148
1739394640.7192094,21:10:25.75,-27,1127,-3796,166,201,8,153,99,-116,13.84,218,2013,-2980,4093.5625,2.83,980.53,44.576,2,98,53,43,50,49,5,11,163,151,148
1739394640.8273757,21:10:25.85,187,1171,-3870,-110,-58,-99,156,108,-110,13.84,247,2007,-2936,4093.5625,2.82,980.54,44.595,3,80,47,39,56,57,14,14,161,150,147
1739394640.933438,21:10:25.96,49,1283,-3799,-71,76,-95,151,110,-107,13.65,258,1988,-2960,4093.5625,2.82,980.5,44.601,2,98,53,44,66,53,10,21,162,151,147
1739394641.0363405,21:10:26.06,-25,1177,-3896,75,-31,-3,156,103,-115,13.75,275,2016,-2969,4093.5625,2.82,980.5,44.601,3,86,47,41,61,55,0,24,160,152,149
1739394641.14448,21:10:26.17,103,1264,-3801,-62,16,-47,159,105,-110,13.8,271,2023,-2963,4093.5625,2.82,980.51,44.618,2,109,51,50,66,63,8,19,162,150,147
1739394641.252397,21:10:26.28,84,1316,-3878,79,80,145,155,112,-113,13.8,279,2017,-2960,4093.5625,2.81,980.51,44.636,2,115,45,45,50,50,13,16,162,150,148
1739394641.3605464,21:10:26.39,-36,1251,-3829,21,-15,-50,159,113,-115,13.6,270,2022,-2980,4093.5625,2.81,980.52,44.636,2,91,52,42,57,55,6,22,161,152,149
1739394641.468416,21:10:26.50,-106,1204,-3799,131,20,29,156,103,-107,13.8,270,2020,-2968,4093.5625,2.8,980.53,44.653,2,100,53,33,48,67,22,18,162,151,148
1739394641.5762172,21:10:26.60,-167,1157,-3859,19,33,-86,153,109,-116,13.84,252,2021,-2965,4093.5625,2.8,980.51,44.659,2,76,43,48,60,54,9,18,163,151,148
1739394641.6839886,21:10:26.71,24,1144,-3852,142,-1,-10,149,100,-124,13.84,282,2002,-2969,4093.5625,2.8,980.52,44.671,2,106,47,44,50,39,13,22,161,152,150
1739394641.7921355,21:10:26.82,-207,1179,-3874,36,84,2,154,108,-115,13.65,247,1998,-3022,4093.5,2.79,980.53,44.684,3,111,49,36,56,65,9,20,162,151,148
1739394641.8958576,21:10:26.92,88,1004,-3876,76,131,15,159,100,-112,13.75,247,1979,-3015,4093.5,2.79,980.53,44.707,3,96,46,39,55,58,8,0,162,152,148
1739394642.0014107,21:10:27.03,39,1170,-3887,-60,-8,-13,146,103,-112,13.75,249,1980,-2986,4093.5,2.79,980.54,44.713,3,106,59,40,60,50,4,19,162,150,148
1739394642.1048255,21:10:27.13,57,1102,-3891,105,6,-29,155,106,-113,13.84,271,1976,-2975,4093.5,2.78,980.53,44.737,2,111,57,39,49,53,3,26,163,151,149
1739394642.2105744,21:10:27.24,16,1115,-3807,104,75,-16,155,104,-121,13.65,224,2003,-3027,4093.5,2.78,980.53,44.742,3,109,62,43,64,53,12,14,162,150,149
1739394642.3184013,21:10:27.34,133,1176,-3864,91,18,-79,154,103,-115,13.56,259,1965,-3014,4093.5,2.77,980.54,44.752,3,78,60,44,55,55,6,22,161,151,148
1739394642.426152,21:10:27.45,80,1100,-3887,75,47,22,155,106,-121,13.99,224,1991,-3052,4093.5,2.77,980.54,44.746,3,101,45,48,68,62,11,25,162,150,148
1739394642.5339067,21:10:27.56,142,1062,-3896,-38,94,-5,154,103,-117,13.6,246,1940,-3017,4093.5,2.77,980.52,44.769,2,82,43,42,54,47,5,25,162,151,148
1739394642.6416302,21:10:27.67,208,1111,-3918,-19,-60,-27,161,103,-117,13.56,216,1992,-3043,4093.5,2.76,980.53,44.775,3,112,62,48,58,64,15,18,160,151,148
1739394642.7484179,21:10:27.77,-89,1143,-3864,50,-73,-44,159,103,-119,13.6,283,1947,-2989,4093.5,2.76,980.54,44.796,3,117,58,38,61,43,3,22,161,152,150
1739394642.850805,21:10:27.87,101,1016,-3749,30,104,-18,159,92,-124,13.56,202,1992,-3060,4093.5,2.75,980.55,44.8,3,115,46,53,57,51,9,22,161,150,150
1739394642.9585266,21:10:27.98,131,1247,-3866,-115,93,30,148,109,-108,13.8,258,1967,-2984,4093.4375,2.74,980.53,44.8,2,116,56,38,48,56,8,15,161,151,150
1739394643.0661993,21:10:28.09,79,1137,-3845,167,-55,32,148,109,-113,13.65,213,1980,-3009,4093.4375,2.74,980.54,44.818,3,128,50,46,66,53,16,8,162,150,147
1739394643.1738923,21:10:28.20,-36,1117,-3882,-16,10,-47,148,101,-121,13.65,243,1998,-3027,4093.5,2.73,980.55,44.819,2,114,46,43,54,55,6,17,161,150,149
1739394643.281825,21:10:28.31,52,1071,-3887,48,92,53,160,101,-118,13.8,270,1967,-2988,4093.5,2.73,980.52,44.848,3,107,50,42,69,51,8,13,162,150,146
1739394643.3895123,21:10:28.41,-87,1144,-3847,63,-137,4,151,95,-110,13.6,237,2017,-3024,4093.4375,2.72,980.53,44.858,3,101,48,50,51,48,7,18,163,150,148
1739394643.4972332,21:10:28.52,15,1001,-3805,-23,148,-25,153,106,-116,13.6,276,1957,-2993,4093.4375,2.72,980.54,44.881,2,77,42,37,57,59,0,15,160,151,148
1739394643.6049283,21:10:28.63,-21,1158,-3830,-34,37,-2,146,105,-122,13.75,242,2005,-2974,4093.5,2.71,980.55,44.877,2,100,44,46,51,60,1,17,161,150,148
1739394643.7125854,21:10:28.74,-102,1199,-3887,36,4,-110,160,106,-118,13.75,246,1989,-2997,4093.5,2.71,980.54,44.895,2,132,48,44,53,52,18,25,162,149,147
1739394643.818618,21:10:28.84,116,1071,-3764,74,217,105,161,108,-112,13.6,272,1966,-2982,4093.5,2.7,980.54,44.895,3,116,63,49,58,63,8,17,161,150,149
1739394643.921566,21:10:28.94,130,935,-3855,-6,142,-40,148,101,-116,13.6,185,2009,-3014,4093.4375,2.7,980.55,44.918,3,86,57,49,61,63,14,20,160,150,148
1739394644.029256,21:10:29.05,2,1158,-3844,176,65,70,145,109,-116,13.8,231,1962,-2991,4093.4375,2.69,980.55,44.924,3,105,53,37,62,51,0,17,160,150,148
1739394644.1375115,21:10:29.16,182,1049,-3799,99,170,154,146,105,-112,13.56,161,1990,-3005,4093.4375,2.69,980.53,44.936,3,95,53,50,57,50,21,17,160,151,147
1739394644.2272327,21:10:29.25,160,1107,-3873,28,33,108,145,109,-111,13.6,137,2004,-3052,4093.4375,2.69,980.53,44.959,3,84,57,46,63,51,5,12,158,152,148
1739394644.2994814,21:10:29.32,-57,997,-3889,49,-85,-52,145,101,-116,13.56,167,1954,-2993,4093.4375,2.69,980.57,44.941,3,99,55,52,56,51,11,22,159,151,149
1739394644.3715944,21:10:29.40,16,1194,-3797,-31,68,97,146,103,-119,13.65,169,2002,-3057,4093.4375,2.69,980.55,44.971,3,115,42,42,55,44,5,21,159,151,151
1739394644.4437006,21:10:29.47,283,1069,-3851,-114,85,-22,140,109,-121,13.6,161,1946,-2989,4093.4375,2.7,980.55,44.959,2,72,60,44,63,57,4,18,160,151,146
1739394644.515817,21:10:29.54,324,1072,-3938,-27,59,110,144,108,-115,13.75,162,1997,-3019,4093.4375,2.7,980.54,44.971,3,110,49,49,69,39,3,14,158,151,149
1739394644.58799,21:10:29.61,-311,1291,-3819,100,158,151,146,98,-124,13.84,152,1973,-3014,4093.4375,2.7,980.54,44.982,3,98,55,47,65,58,4,13,160,152,145
1739394644.6601028,21:10:29.68,-61,994,-3949,12,105,32,141,105,-112,13.56,123,1999,-3026,4093.4375,2.7,980.54,44.988,3,117,54,37,53,56,3,21,159,152,149
1739394644.7322507,21:10:29.76,128,880,-3877,17,-15,-196,148,99,-116,13.46,151,1970,-3048,4093.4375,2.7,980.55,44.994,3,91,50,38,64,54,11,20,160,151,146
1739394644.8043733,21:10:29.83,-189,1265,-3864,-109,-68,-114,141,98,-112,13.6,155,2003,-2993,4093.4375,2.7,980.56,45.011,3,128,56,49,63,49,9,14,160,151,147
1739394644.8765678,21:10:29.90,-182,1150,-4077,100,6,-157,145,106,-125,13.84,158,2010,-3019,4093.4375,2.69,980.56,45.006,3,113,51,53,53,56,20,15,160,151,145
                                                                                    