1740188553.5077612,00:59:27.77,-4117,-108,430,14,27,-27,259,-219,46,27.79,1649,-1659,-654,22.625,25.67,997.24,12.767,3,86,4,2,7,5,6,29,2,5,2,2638
1740188553.5912676,00:59:27.85,-4140,-100,430,4,41,-30,255,-217,49,27.69,1633,-1656,-660,22.625,25.67,997.24,12.767,3,94,0,8,1,0,9,20,3,4,2,2638
1740188553.6740263,00:59:27.94,-4088,-103,417,12,46,-68,249,-221,46,27.98,1638,-1636,-687,22.625,25.67,997.25,12.757,3,82,0,0,5,0,15,31,1,5,0,2638
1740188553.7566776,00:59:28.02,-4110,-143,442,15,33,-37,256,-221,48,28.17,1606,-1636,-672,22.625,25.68,997.25,12.771,3,83,8,3,4,9,9,27,3,4,2,2638
1740188553.8393462,00:59:28.10,-4071,-146,404,18,57,-3,244,-216,53,27.89,1643,-1672,-651,22.625,25.68,997.25,12.767,3,71,0,8,10,2,2,19,0,4,0,2638
1740188553.9220052,00:59:28.19,-4100,-138,439,16,57,8,265,-222,42,27.65,1640,-1640,-709,22.5625,25.68,997.25,12.762,3,108,1,12,2,8,5,27,2,4,0,2638
1740188554.0046372,00:59:28.27,-4167,-84,445,20,49,18,250,-215,49,28.08,1641,-1633,-690,22.5625,25.68,997.24,12.767,3,110,8,3,6,9,3,22,4,4,1,2639
1740188554.0876358,00:59:28.35,-4029,-125,383,9,56,-19,257,-210,54,27.89,1665,-1648,-681,22.5625,25.68,997.24,12.771,3,109,4,8,7,6,10,20,1,4,0,2638
1740188554.1703203,00:59:28.43,-4193,-53,504,5,19,-62,256,-213,50,27.98,1603,-1630,-703,22.625,25.68,997.23,12.776,3,96,4,0,0,0,9,26,2,5,0,2638
1740188554.2529445,00:59:28.52,-4049,-118,366,4,23,-124,257,-217,47,27.84,1608,-1646,-672,22.625,25.68,997.24,12.771,3,99,0,0,5,2,0,24,4,5,2,2638
1740188554.5079172,00:59:28.77,-4138,-138,493,12,44,4,264,-219,62,28.22,1633,-1673,-645,22.625,25.67,997.25,12.767,4,104,6,7,8,0,6,27,2,4,1,2638
1740188554.5907342,00:59:28.85,-4105,-85,447,23,22,-21,254,-211,55,27.79,1633,-1652,-692,22.625,25.67,997.25,12.757,3,100,3,8,9,4,9,28,2,4,1,2638
1740188554.6734319,00:59:28.94,-4164,-119,426,19,58,-82,265,-225,49,27.98,1649,-1668,-658,22.625,25.67,997.23,12.757,3,127,0,3,0,11,0,18,2,4,1,2639
1740188554.7561622,00:59:29.02,-4148,-61,417,13,41,-69,254,-216,43,28.03,1644,-1662,-664,22.625,25.67,997.23,12.757,3,122,0,0,15,0,0,19,0,5,0,2638
1740188554.8388844,00:59:29.10,-4112,-119,427,16,46,16,251,-216,50,27.98,1619,-1627,-692,22.625,25.67,997.22,12.762,3,104,1,3,6,0,5,27,2,4,0,2638
1740188554.9216442,00:59:29.19,-4117,-172,436,16,30,-88,265,-207,44,27.98,1618,-1650,-689,22.625,25.67,997.25,12.771,4,78,6,1,8,6,5,25,3,4,2,2638
1740188555.0044806,00:59:29.27,-4119,-144,457,24,38,11,255,-222,47,28.03,1652,-1657,-679,22.625,25.67,997.25,12.757,3,112,8,2,5,0,3,31,3,4,2,2638
1740188555.0872383,00:59:29.35,-4197,-77,484,26,27,67,254,-221,55,27.98,1620,-1621,-681,22.5625,25.67,997.25,12.767,3,109,0,5,14,2,3,26,1,3,0,2638
1740188555.1699235,00:59:29.43,-4051,-73,407,9,48,-57,255,-225,44,27.89,1650,-1639,-687,22.5625,25.67,997.25,12.767,3,95,0,3,5,8,5,25,2,4,2,2638
1740188555.2525685,00:59:29.52,-4121,-96,393,17,3,-63,261,-221,46,28.03,1626,-1636,-693,22.5625,25.67,997.25,12.771,3,69,0,0,8,7,11,27,0,4,1,2638
1740188555.5080848,00:59:29.77,-4126,-82,421,13,42,-16,253,-217,54,27.98,1630,-1650,-682,22.5625,25.67,997.26,12.762,3,120,3,7,0,2,0,23,3,3,1,2638
1740188555.5909576,00:59:29.85,-4131,-119,441,29,41,-41,256,-219,55,28.03,1594,-1646,-674,22.5625,25.66,997.23,12.766,3,107,3,0,2,3,6,25,0,3,0,2638
1740188555.6740587,00:59:29.94,-4114,-86,344,30,-5,-26,256,-219,50,28.03,1616,-1681,-638,22.5625,25.66,997.23,12.766,3,81,6,0,0,4,3,27,2,4,2,2638
1740188555.7495306,00:59:30.01,-4117,-136,476,33,59,-7,249,-213,41,27.98,1638,-1666,-680,22.5625,25.66,997.23,12.752,3,116,0,3,17,0,0,21,2,4,0,2638
1740188555.8326068,00:59:30.10,-4139,-128,465,0,32,-45,251,-229,50,28.17,1613,-1678,-664,22.5625,25.66,997.23,12.757,3,126,0,0,0,5,5,26,2,4,0,2639
1740188555.9152942,00:59:30.18,-4106,-89,428,18,67,21,257,-222,56,28.08,1654,-1694,-657,22.5625,25.67,997.22,12.767,4,110,3,12,3,13,13,25,3,3,2,2638
1740188555.997942,00:59:30.26,-4102,-21,417,140,101,54,255,-212,49,28.37,1625,-1637,-689,22.5625,25.67,997.25,12.767,4,124,0,6,0,0,5,17,0,4,0,2639
1740188556.0806131,00:59:30.35,-4069,-116,401,27,6,-65,264,-221,48,27.79,1617,-1661,-645,22.625,25.67,997.24,12.757,3,101,0,0,12,0,6,22,3,4,0,2638
1740188556.163372,00:59:30.43,-4087,-49,393,16,12,-17,257,-222,42,27.98,1634,-1677,-637,22.625,25.67,997.24,12.762,3,103,4,0,6,0,0,17,1,4,1,2639
1740188556.246016,00:59:30.51,-4113,-36,437,23,51,38,257,-212,44,28.22,1612,-1643,-665,22.625,25.68,997.24,12.771,4,134,0,3,0,3,10,25,2,4,0,2638
1740188556.5082448,00:59:30.77,-4129,-216,483,26,50,75,251,-213,46,27.79,1592,-1661,-656,22.5625,25.67,997.24,12.748,3,100,2,0,8,7,12,20,1,4,2,2638
1740188556.5911143,00:59:30.85,-4048,-59,320,9,66,32,259,-216,53,28.08,1635,-1693,-625,22.5625,25.66,997.22,12.761,3,105,5,2,9,3,10,27,0,4,0,2638
1740188556.6737423,00:59:30.94,-4055,12,416,20,20,-51,266,-224,55,27.89,1607,-1642,-670,22.5625,25.66,997.22,12.752,4,102,1,0,0,7,4,21,3,4,0,2638
1740188556.7563584,00:59:31.02,-4176,-138,501,12,44,-102,255,-220,52,27.98,1615,-1683,-628,22.5625,25.66,997.23,12.757,3,112,0,4,0,3,6,22,1,4,2,2638
1740188556.838955,00:59:31.10,-4356,-54,527,32,24,121,251,-216,50,28.22,1630,-1670,-645,22.5625,25.66,997.23,12.77,4,108,0,13,0,9,5,24,2,3,0,2638
1740188556.921523,00:59:31.19,-4118,-53,386,12,33,-56,254,-224,48,27.98,1586,-1641,-641,22.5625,25.67,997.23,12.771,3,78,0,2,3,0,9,24,2,4,2,2638
1740188557.0041082,00:59:31.27,-4116,-102,462,-2,-4,-114,259,-216,50,27.98,1614,-1681,-650,22.5625,25.67,997.26,12.757,4,107,7,3,0,4,5,20,2,4,0,2638
1740188557.0868995,00:59:31.35,-4090,-154,442,14,45,-40,250,-227,47,27.98,1602,-1681,-641,22.5625,25.67,997.25,12.757,3,84,0,4,4,2,3,26,4,4,0,2639
1740188557.1699228,00:59:31.43,-4059,-123,458,17,65,36,255,-225,52,28.03,1653,-1700,-631,22.5625,25.67,997.24,12.767,3,125,4,3,0,15,12,20,2,4,2,2638
1740188557.2525976,00:59:31.52,-4100,-64,392,15,22,-11,254,-216,53,27.98,1627,-1644,-656,22.625,25.68,997.24,12.752,3,87,0,14,5,2,1,24,1,4,0,2638
1740188557.5083914,00:59:31.77,-4043,24,355,13,45,-69,253,-217,54,28.03,1667,-1681,-653,22.5625,25.67,997.26,12.752,4,110,0,0,11,3,13,32,3,4,2,2639
1740188557.5911312,00:59:31.85,-4203,144,470,43,151,249,262,-225,52,28.03,1608,-1643,-678,22.5625,25.67,997.23,12.752,3,109,0,1,6,6,7,31,0,4,0,2638
1740188557.6737506,00:59:31.94,-4019,-199,478,23,23,131,266,-219,55,28.22,1614,-1678,-635,22.5625,25.66,997.23,12.752,4,103,5,3,5,0,13,34,0,4,2,2638
1740188557.7618113,00:59:32.03,-4113,-177,405,9,58,-44,250,-222,37,27.98,1604,-1665,-641,22.5625,25.66,997.23,12.752,4,117,0,6,3,2,0,32,3,4,0,2638
1740188557.8697712,00:59:32.14,-4074,-186,421,14,36,-37,254,-221,46,28.32,1613,-1647,-651,22.5625,25.66,997.23,12.766,3,107,0,0,12,5,0,30,4,4,0,2638
1740188557.9776573,00:59:32.24,-4115,-152,418,24,72,19,257,-215,52,28.03,1633,-1666,-646,22.5625,25.66,997.23,12.757,3,139,0,0,0,0,0,30,1,4,2,2638
1740188558.0856013,00:59:32.35,-4187,-72,446,14,39,-74,255,-220,52,28.03,1656,-1671,-626,22.5625,25.66,997.23,12.747,3,95,0,1,12,1,2,30,1,4,3,2638
1740188558.1935115,00:59:32.46,-4158,-112,478,14,32,-8,257,-227,47,27.98,1631,-1692,-638,22.625,25.66,997.23,12.752,4,108,11,8,10,0,1,30,3,4,0,2638
1740188558.301359,00:59:32.57,-4141,-180,438,21,41,-5,260,-225,47,28.03,1629,-1684,-629,22.625,25.66,997.23,12.766,4,111,0,0,15,2,5,20,2,4,1,2638
1740188558.4091678,00:59:32.67,-4186,-91,418,19,33,20,249,-226,48,27.89,1622,-1666,-597,22.5625,25.66,997.24,12.761,3,87,0,0,11,0,8,29,1,4,2,2638
1740188558.517194,00:59:32.78,-4146,-133,485,17,44,-28,259,-213,55,27.89,1598,-1665,-611,22.5625,25.66,997.24,12.752,4,100,0,0,9,8,13,30,2,4,1,2638
1740188558.625056,00:59:32.89,-4103,-189,384,74,-5,-31,253,-222,49,28.08,1648,-1683,-647,22.5625,25.66,997.23,12.757,3,103,0,5,2,9,0,30,4,3,0,2638
1740188558.7328668,00:59:33.00,-4088,-88,424,18,23,-98,251,-224,53,28.22,1625,-1662,-626,22.5625,25.66,997.23,12.752,3,108,0,0,6,3,6,30,1,4,2,2638
1740188558.8406534,00:59:33.10,-4090,-122,400,25,45,65,262,-217,56,27.84,1614,-1665,-632,22.5625,25.66,997.24,12.757,3,75,3,9,4,9,0,31,1,5,1,2638
1740188558.9485648,00:59:33.21,-4118,-18,434,46,79,-33,256,-219,50,28.08,1632,-1664,-626,22.5625,25.66,997.23,12.766,4,101,0,1,5,0,9,29,0,4,2,2638
1740188559.0520105,00:59:33.32,-4043,-100,393,24,37,-99,259,-219,55,28.17,1633,-1681,-614,22.5625,25.67,997.24,12.767,3,90,11,5,5,3,6,32,3,4,1,2638
1740188559.1618474,00:59:33.42,-4112,-190,492,11,13,-147,255,-222,47,28.03,1594,-1719,-639,22.5625,25.67,997.23,12.752,3,111,0,2,17,3,0,35,3,3,0,2639
1740188559.264561,00:59:33.53,-4109,-150,406,21,62,28,251,-224,50,28.08,1637,-1694,-615,22.5625,25.67,997.23,12.752,3,83,2,0,2,9,9,28,3,4,0,2638
1740188559.371179,00:59:33.64,-4157,-81,426,13,26,42,254,-213,43,28.03,1609,-1707,-604,22.5625,25.67,997.23,12.757,3,83,0,11,2,1,17,28,1,4,1,2638
1740188559.4789517,00:59:33.75,-4081,-219,404,21,66,25,254,-221,58,28.32,1616,-1693,-621,22.5625,25.67,997.22,12.752,3,103,0,5,4,0,1,33,2,4,1,2638
1740188559.5870209,00:59:33.85,-4126,-113,426,20,17,2,256,-221,48,28.03,1616,-1670,-619,22.5625,25.67,997.22,12.767,3,111,4,2,5,1,12,31,3,5,0,2638
1740188559.6948485,00:59:33.96,-4101,0,466,22,33,0,262,-222,47,27.69,1621,-1668,-621,22.5625,25.67,997.23,12.757,3,115,0,14,9,4,13,36,3,3,1,2638
1740188559.8026247,00:59:34.07,-4098,-172,434,6,47,-54,256,-224,53,27.98,1630,-1679,-626,22.5625,25.67,997.23,12.757,3,97,0,0,14,0,3,31,0,4,2,2638
1740188559.9104266,00:59:34.17,-4125,-117,443,13,46,-18,262,-233,49,28.32,1619,-1689,-615,22.5625,25.67,997.23,12.762,3,97,0,7,0,5,15,34,3,5,0,2638
1740188560.0181608,00:59:34.28,-4077,-161,414,11,21,-43,256,-229,53,28.17,1611,-1685,-570,22.5625,25.67,997.22,12.743,3,85,0,0,14,11,6,32,2,4,0,2638
1740188560.126247,00:59:34.39,-4131,-111,411,14,41,7,253,-220,56,27.98,1598,-1672,-621,22.5625,25.67,997.22,12.757,3,79,5,11,7,13,10,31,1,3,1,2638
1740188560.2323613,00:59:34.50,-4130,-117,449,19,57,-11,260,-220,42,28.03,1617,-1689,-616,22.625,25.67,997.25,12.762,3,88,0,16,3,9,8,29,1,4,2,2638
1740188560.335814,00:59:34.60,-4211,-172,510,5,71,-86,257,-227,64,27.98,1614,-1688,-623,22.625,25.67,997.24,12.762,3,107,7,8,5,1,0,25,1,4,0,2638
1740188560.4341097,00:59:34.70,-4113,-132,434,19,38,-18,257,-230,49,27.89,1603,-1690,-613,22.625,25.67,997.25,12.748,3,117,0,0,10,0,11,24,3,4,0,2639
1740188560.516775,00:59:34.78,-4125,-97,429,22,48,18,249,-231,55,28.17,1615,-1692,-622,22.5625,25.67,997.24,12.757,3,76,0,3,6,0,0,20,1,5,1,2638
1740188560.5995038,00:59:34.86,-4144,-144,439,23,51,55,259,-221,50,28.22,1614,-1686,-626,22.5625,25.68,997.24,12.743,3,100,0,0,7,8,11,25,1,4,0,2638
1740188560.682137,00:59:34.94,-4098,-92,412,8,48,8,257,-220,54,28.03,1624,-1655,-628,22.5625,25.68,997.25,12.762,3,93,0,6,3,12,7,25,3,4,1,2638
1740188560.7647324,00:59:35.03,-4136,-107,409,14,35,6,259,-221,55,27.84,1616,-1642,-623,22.625,25.68,997.25,12.752,4,101,0,0,6,4,0,20,2,4,0,2638
1740188560.8473313,00:59:35.11,-4164,-124,464,3,27,-130,260,-222,49,28.17,1638,-1691,-618,22.625,25.68,997.25,12.752,3,122,4,4,2,0,0,25,3,4,1,2638
1740188560.9299402,00:59:35.19,-4020,-82,351,16,41,78,259,-216,53,27.98,1628,-1678,-626,22.625,25.68,997.24,12.752,3,113,0,3,10,6,0,22,1,4,1,2638
1740188561.012512,00:59:35.28,-4251,-117,188,33,142,67,248,-225,52,28.22,1638,-1667,-636,22.5625,25.69,997.28,12.763,3,108,0,13,14,8,13,24,2,4,0,2638
1740188561.095178,00:59:35.36,-4180,-103,522,10,59,-36,255,-220,54,28.08,1620,-1683,-643,22.5625,25.69,997.28,12.758,3,121,0,8,0,11,15,28,2,4,1,2638
1740188561.1777794,00:59:35.44,-3983,-112,424,23,46,-14,260,-222,49,28.03,1617,-1684,-638,22.5625,25.69,997.28,12.763,3,82,0,0,16,1,13,29,2,4,1,2638
1740188561.260391,00:59:35.53,-4116,-111,450,19,30,23,255,-220,49,28.17,1626,-1677,-645,22.5625,25.69,997.28,12.753,4,96,2,8,4,0,18,25,2,4,1,2638
1740188561.342989,00:59:35.61,-4114,-87,416,19,55,7,267,-215,56,27.79,1630,-1690,-648,22.5625,25.69,997.28,12.763,3,121,4,0,13,5,12,26,2,4,0,2638
1740188561.5996401,00:59:35.86,-4089,-101,398,23,37,67,249,-221,50,28.32,1614,-1674,-610,22.5625,25.68,997.26,12.739,3,83,12,3,12,1,4,25,1,4,1,2638
1740188561.682284,00:59:35.95,-4051,-114,397,21,44,19,259,-226,50,28.03,1622,-1677,-625,22.5625,25.68,997.27,12.762,4,80,0,4,3,0,1,23,2,4,0,2638
1740188561.7649126,00:59:36.03,-4129,-136,426,21,47,27,255,-215,54,28.08,1627,-1677,-636,22.5625,25.67,997.27,12.752,3,85,0,2,2,0,7,21,2,4,0,2638
1740188561.839943,00:59:36.10,-4120,-94,430,21,32,-34,250,-222,54,27.98,1615,-1671,-645,22.5625,25.67,997.27,12.748,3,106,2,0,14,1,3,28,1,4,0,2638
1740188561.915401,00:59:36.18,-4126,-94,435,9,8,-75,257,-212,56,28.08,1613,-1672,-641,22.5625,25.68,997.27,12.752,3,79,3,0,5,8,6,25,2,4,1,2638
1740188562.0009549,00:59:36.26,-4106,-101,421,17,29,-46,260,-215,52,27.89,1619,-1681,-631,22.5625,25.68,997.27,12.752,3,112,0,11,11,0,2,19,2,4,1,2639
1740188562.083703,00:59:36.35,-4097,-121,413,14,47,-30,250,-220,44,28.08,1625,-1684,-632,22.5625,25.68,997.25,12.767,3,83,0,2,7,0,9,26,2,4,1,2638
1740188562.1665144,00:59:36.43,-4120,-109,430,7,44,-37,259,-211,46,28.17,1621,-1685,-631,22.5625,25.68,997.25,12.762,3,95,10,2,7,8,9,23,2,4,0,2638
1740188562.2491522,00:59:36.51,-4168,-59,465,23,71,52,251,-208,50,27.98,1623,-1674,-635,22.5625,25.69,997.27,12.758,3,106,0,8,16,3,2,23,2,4,1,2638
1740188562.3318408,00:59:36.60,-4125,-137,395,22,99,100,260,-215,54,28.17,1632,-1670,-649,22.5625,25.69,997.26,12.763,3,85,1,9,0,2,0,21,1,4,1,2638
1740188562.5997877,00:59:36.86,-4233,-249,506,-5,99,-283,256,-229,48,28.03,1614,-1691,-617,22.5625,25.68,997.25,12.748,4,82,7,3,17,9,4,26,2,4,1,2638
1740188562.6825247,00:59:36.95,-4161,-108,496,41,41,363,250,-220,47,27.79,1626,-1664,-637,22.5625,25.67,997.26,12.762,4,100,0,0,11,9,2,22,2,4,1,2638
1740188562.7651453,00:59:37.03,-4154,-171,610,2,66,-200,261,-221,58,28.03,1616,-1682,-617,22.5625,25.67,997.27,12.757,4,105,0,3,6,8,0,19,2,4,1,2638
1740188562.8477867,00:59:37.11,-4051,-112,374,30,34,197,256,-213,46,28.17,1619,-1672,-614,22.5625,25.67,997.26,12.743,3,96,6,2,13,12,6,25,3,4,1,2638
1740188562.930448,00:59:37.19,-4104,-166,444,8,69,-95,249,-229,50,28.08,1624,-1678,-623,22.5625,25.67,997.26,12.733,3,92,0,0,6,8,15,28,2,4,0,2638
1740188563.0130665,00:59:37.28,-4119,-7,446,12,50,61,249,-226,46,27.98,1628,-1678,-628,22.5625,25.68,997.25,12.757,3,104,0,6,13,8,0,21,2,4,1,2638
1740188563.0957518,00:59:37.36,-4121,-139,434,17,36,11,264,-213,60,27.98,1618,-1670,-625,22.625,25.68,997.25,12.757,3,97,10,12,6,0,0,20,2,4,1,2638
1740188563.178748,00:59:37.44,-4135,-108,415,2,33,-51,255,-233,54,27.98,1628,-1658,-624,22.625,25.68,997.24,12.767,3,82,0,0,20,5,0,19,1,4,0,2638
1740188563.2614224,00:59:37.53,-4109,-91,431,12,43,-1,254,-226,50,28.03,1625,-1660,-625,22.625,25.68,997.25,12.752,4,86,0,10,8,11,2,26,4,4,1,2638
1740188563.3440423,00:59:37.61,-4109,-106,425,14,42,-2,254,-221,48,28.22,1623,-1677,-623,22.5625,25.69,997.27,12.763,4,110,0,0,14,0,0,21,1,4,1,2638
1740188563.5999362,00:59:37.86,-4129,-99,434,4,37,-27,251,-219,67,27.98,1631,-1682,-624,22.625,25.68,997.26,12.739,3,121,1,9,2,2,0,26,3,4,1,2638
1740188563.6826482,00:59:37.95,-4131,-108,422,21,43,-2,261,-226,53,28.08,1630,-1690,-623,22.625,25.67,997.26,12.762,3,72,0,1,13,10,2,26,1,4,1,2638
1740188563.7652903,00:59:38.03,-4097,-104,430,18,40,-8,256,-211,50,28.08,1627,-1685,-625,22.5625,25.67,997.26,12.733,3,97,0,0,18,2,2,22,3,4,1,2638
1740188563.8478975,00:59:38.11,-4136,-108,448,15,38,-26,260,-227,47,28.08,1623,-1672,-622,22.5625,25.67,997.27,12.748,4,106,0,3,15,5,8,24,2,4,1,2638
1740188563.9305203,00:59:38.19,-4119,-88,406,18,39,-14,251,-224,55,27.84,1622,-1667,-628,22.5625,25.68,997.27,12.743,3,88,2,11,0,0,10,24,2,4,0,2639
1740188564.0131032,00:59:38.28,-4138,-99,447,10,42,-13,253,-220,49,28.03,1603,-1672,-612,22.5625,25.68,997.27,12.748,3,82,0,4,8,6,4,28,2,5,0,2638
1740188564.095798,00:59:38.36,-4123,-78,446,15,37,-11,257,-222,54,28.08,1616,-1673,-610,22.5625,25.68,997.26,12.757,3,107,2,0,0,6,4,26,2,4,0,2638
1740188564.1784685,00:59:38.44,-4112,-107,434,9,39,-6,254,-224,50,28.17,1630,-1684,-626,22.5625,25.68,997.26,12.762,3,116,0,10,7,2,0,25,2,4,1,2638
1740188564.2611349,00:59:38.53,-4136,-134,459,15,35,-20,262,-230,47,27.89,1626,-1677,-624,22.5625,25.69,997.28,12.758,3,80,5,1,9,0,0,25,2,4,0,2639
1740188564.3437717,00:59:38.61,-4131,-80,426,9,43,-26,254,-221,48,27.79,1627,-1660,-624,22.5625,25.69,997.27,12.739,3,106,0,4,17,3,0,22,2,4,0,2638
1740188564.600072,00:59:38.86,-4108,-97,435,10,41,-20,260,-225,52,27.84,1644,-1676,-629,22.5625,25.68,997.25,12.739,4,85,0,4,4,0,0,24,2,4,1,2639
1740188564.6827717,00:59:38.95,-4106,-101,435,19,41,-11,251,-231,48,28.17,1634,-1670,-637,22.625,25.68,997.25,12.752,4,82,5,8,7,10,1,21,1,4,0,2638
1740188564.7654288,00:59:39.03,-4118,-97,429,20,37,-17,259,-224,50,28.22,1629,-1670,-632,22.625,25.67,997.26,12.743,3,97,2,1,4,3,7,28,2,4,0,2638
1740188564.8480465,00:59:39.11,-4124,-91,439,14,38,-21,257,-217,52,27.98,1632,-1680,-618,22.625,25.67,997.25,12.748,3,92,0,7,5,15,10,23,1,4,1,2638
1740188564.9306521,00:59:39.19,-4116,-115,420,16,36,-5,265,-222,56,27.65,1622,-1684,-625,22.5625,25.68,997.25,12.743,3,112,0,10,2,11,11,26,2,4,0,2638
1740188565.0132554,00:59:39.28,-4118,-100,439,15,38,-10,254,-226,62,27.84,1626,-1683,-627,22.5625,25.68,997.25,12.729,4,81,2,16,7,10,0,24,1,4,1,2638
1740188565.095993,00:59:39.36,-4120,-96,423,13,42,-11,256,-226,48,27.98,1629,-1677,-624,22.5625,25.68,997.26,12.762,3,95,0,6,4,1,0,28,1,5,0,2639
1740188565.1786718,00:59:39.44,-4105,-106,443,19,35,-13,262,-222,47,28.17,1624,-1667,-638,22.5625,25.69,997.28,12.739,4,72,5,13,7,1,9,23,2,5,1,2638
1740188565.2612798,00:59:39.53,-4115,-92,438,5,36,-16,248,-227,49,28.03,1610,-1677,-625,22.5625,25.69,997.27,12.763,3,96,0,0,3,4,16,19,1,4,1,2638
1740188565.3438969,00:59:39.61,-4113,-72,425,15,45,-10,260,-222,49,28.17,1615,-1676,-609,22.5625,25.69,997.27,12.753,4,120,0,0,17,6,1,31,1,4,1,2638
1740188565.600286,00:59:39.87,-4119,-100,433,14,31,-26,254,-213,46,27.98,1627,-1675,-629,22.5625,25.68,997.25,12.748,3,89,0,1,0,3,0,26,2,4,1,2638
1740188565.6831946,00:59:39.95,-4107,-87,432,12,46,-13,248,-225,64,27.98,1614,-1676,-627,22.5625,25.68,997.26,12.752,3,124,0,1,11,3,4,24,1,4,1,2638
1740188565.7658033,00:59:40.03,-4104,-97,421,18,37,-12,255,-222,42,28.22,1633,-1670,-628,22.5625,25.68,997.26,12.748,4,89,5,3,2,9,1,24,1,4,1,2639
1740188565.848453,00:59:40.11,-4112,-96,429,19,41,-9,259,-213,43,28.03,1648,-1670,-635,22.5625,25.67,997.26,12.752,3,76,1,0,6,5,13,30,2,4,2,2638
1740188565.931079,00:59:40.19,-4135,-112,421,18,44,-13,254,-219,48,27.98,1630,-1669,-648,22.5625,25.68,997.25,12.748,3,94,0,2,9,6,6,24,2,5,0,2638
1740188566.0136845,00:59:40.28,-4116,-94,434,13,29,-21,257,-215,47,28.08,1626,-1671,-643,22.5625,25.68,997.25,12.762,3,85,0,3,13,9,4,19,3,4,1,2638
1740188566.0963871,00:59:40.36,-4108,-107,429,23,43,-10,262,-220,49,28.41,1622,-1677,-631,22.5625,25.68,997.25,12.748,3,82,0,0,1,6,0,25,1,4,1,2638
1740188566.1790378,00:59:40.44,-4110,-96,420,20,43,-15,257,-225,49,27.84,1612,-1682,-629,22.5625,25.69,997.27,12.744,3,76,0,2,21,3,0,26,3,5,1,2639
1740188566.2616425,00:59:40.53,-4139,-106,423,14,34,-25,259,-221,50,27.98,1634,-1686,-631,22.5625,25.69,997.26,12.739,3,103,0,1,1,10,13,28,1,4,1,2638
1740188566.344272,00:59:40.61,-4136,-112,433,19,43,-19,254,-229,53,27.98,1625,-1675,-627,22.5625,25.69,997.25,12.744,3,92,1,20,0,6,18,21,2,4,0,2639
1740188566.6004186,00:59:40.87,-4120,-91,447,15,34,-20,260,-217,52,28.08,1626,-1668,-628,22.5625,25.68,997.23,12.752,3,86,0,3,11,0,1,24,2,4,1,2638
1740188566.6830895,00:59:40.95,-4114,-112,433,16,41,-20,259,-219,48,28.03,1615,-1647,-625,22.5625,25.68,997.24,12.757,3,119,0,11,7,6,3,24,1,4,0,2638
1740188566.7656996,00:59:41.03,-4087,-103,419,17,45,-10,255,-212,54,27.89,1627,-1668,-628,22.5625,25.68,997.24,12.752,3,80,5,7,0,0,15,28,2,4,1,2638
1740188566.8483214,00:59:41.11,-4128,-109,442,15,43,-15,261,-216,53,27.98,1622,-1671,-627,22.5625,25.68,997.24,12.757,3,123,0,3,10,7,0,25,1,4,1,2638
1740188566.9309173,00:59:41.19,-4092,-105,409,12,36,-14,255,-222,49,28.08,1636,-1675,-632,22.5625,25.68,997.24,12.757,3,74,1,0,3,4,7,26,2,4,0,2638
1740188567.0135574,00:59:41.28,-4126,-89,447,13,45,-11,253,-215,42,28.17,1640,-1667,-641,22.5625,25.68,997.23,12.748,4,74,8,14,4,4,11,20,2,4,2,2638
1740188567.0962288,00:59:41.36,-4114,-88,412,17,47,4,254,-221,48,28.17,1635,-1671,-645,22.5625,25.68,997.23,12.752,4,78,5,4,13,0,0,21,2,5,0,2638
1740188567.178885,00:59:41.44,-4123,-95,429,9,29,-7,260,-215,49,27.98,1626,-1673,-637,22.5625,25.69,997.25,12.749,3,72,6,0,0,12,6,22,2,4,1,2638
1740188567.2615893,00:59:41.53,-4131,-121,441,19,41,-13,253,-227,49,27.89,1625,-1676,-627,22.5625,25.69,997.24,12.744,3,99,0,6,8,2,1,24,1,4,1,2638
1740188567.3442204,00:59:41.61,-4116,-123,434,17,39,-14,256,-216,55,28.22,1629,-1686,-630,22.5625,25.69,997.23,12.739,3,102,0,10,4,6,0,24,2,4,0,2638
1740188567.600561,00:59:41.87,-4127,-127,452,18,42,-14,254,-219,60,27.89,1611,-1678,-603,22.5625,25.68,997.23,12.743,3,86,3,6,15,0,0,26,3,4,1,2639
1740188567.6832602,00:59:41.95,-4128,-107,415,17,36,-32,254,-216,48,28.03,1619,-1694,-610,22.5625,25.68,997.23,12.752,3,103,0,1,13,2,8,22,1,4,0,2638
1740188567.7658703,00:59:42.03,-4128,-89,445,13,32,-13,255,-222,47,27.98,1623,-1679,-628,22.5625,25.68,997.24,12.743,3,73,0,0,12,0,0,24,3,4,1,2638
1740188567.8484347,00:59:42.11,-4096,-97,432,12,43,-16,253,-227,59,27.84,1621,-1670,-625,22.5625,25.68,997.23,12.762,4,71,7,0,1,4,13,27,1,4,1,2638
1740188567.9310403,00:59:42.19,-4118,-99,408,18,45,-8,254,-226,46,28.17,1628,-1666,-629,22.5625,25.68,997.23,12.733,3,88,11,15,8,4,2,25,2,4,0,2638
1740188568.0136933,00:59:42.28,-4144,-97,440,17,49,-13,253,-217,56,28.22,1621,-1670,-622,22.625,25.68,997.23,12.743,3,105,2,1,0,0,3,20,2,5,2,2638
1740188568.096403,00:59:42.36,-4104,-107,407,14,42,-17,257,-227,56,28.32,1624,-1676,-622,22.625,25.69,997.26,12.749,3,85,3,4,0,3,10,24,1,4,0,2638
1740188568.1790543,00:59:42.44,-4139,-83,435,10,42,-10,262,-222,54,28.17,1639,-1686,-624,22.625,25.69,997.26,12.744,3,80,0,0,0,0,1,21,4,4,1,2638
1740188568.2616591,00:59:42.53,-4136,-75,439,14,46,-3,253,-225,49,28.03,1639,-1663,-638,22.5625,25.69,997.26,12.749,3,123,0,1,1,0,0,20,1,4,1,2638
1740188568.3442848,00:59:42.61,-4132,-94,426,12,41,-13,259,-224,48,28.22,1630,-1668,-627,22.5625,25.69,997.25,12.749,3,114,0,6,2,0,0,18,3,4,0,2638
1740188568.6006992,00:59:42.87,-4114,-112,442,18,38,-22,257,-222,49,28.03,1635,-1690,-633,22.5625,25.69,997.26,12.744,3,102,3,6,0,13,5,29,3,4,1,2638
1740188568.683378,00:59:42.95,-4122,-84,447,17,49,-14,265,-217,47,28.17,1625,-1673,-629,22.5625,25.68,997.23,12.752,3,122,4,5,13,8,0,20,1,4,1,2638
1740188568.766003,00:59:43.03,-4115,-99,435,23,45,-15,254,-224,50,27.89,1617,-1671,-610,22.5625,25.68,997.24,12.733,3,97,0,5,0,1,14,19,2,4,0,2638
1740188568.8486052,00:59:43.11,-4097,-90,443,19,46,-20,254,-219,53,27.98,1632,-1672,-615,22.5625,25.68,997.24,12.739,3,125,9,11,3,12,0,27,2,4,2,2638
1740188568.931251,00:59:43.19,-4094,-109,433,14,44,-24,261,-211,55,28.03,1615,-1673,-626,22.5625,25.68,997.24,12.767,4,117,3,3,5,10,0,20,2,4,0,2638
1740188569.013979,00:59:43.28,-4119,-102,446,11,45,-17,254,-216,58,27.89,1622,-1682,-628,22.5625,25.68,997.23,12.743,3,98,0,4,0,3,5,24,3,5,0,2638
1740188569.0968935,00:59:43.36,-4134,-96,422,15,42,-12,254,-221,53,28.03,1632,-1676,-636,22.5625,25.69,997.25,12.758,3,114,0,2,10,7,4,22,3,4,1,2638
1740188569.1798494,00:59:43.44,-4122,-100,445,8,45,-12,261,-221,48,27.98,1626,-1673,-645,22.5625,25.69,997.25,12.753,4,117,0,0,3,3,9,27,1,4,1,2638
1740188569.2625177,00:59:43.53,-4114,-102,431,21,35,-16,248,-230,47,28.03,1619,-1663,-624,22.5625,25.69,997.24,12.749,3,120,3,7,12,4,0,23,3,4,1,2638
1740188569.3451502,00:59:43.61,-4096,-98,433,19,45,-18,266,-216,43,27.98,1626,-1671,-623,22.5625,25.69,997.24,12.744,3,75,0,14,5,0,0,21,1,4,1,2638
1740188569.6008458,00:59:43.87,-4113,-118,430,17,35,-13,259,-224,55,27.98,1618,-1673,-629,22.5625,25.69,997.25,12.749,3,92,3,1,0,4,0,22,2,4,1,2638
1740188569.6835265,00:59:43.95,-4107,-116,440,16,41,-25,248,-222,49,27.89,1620,-1686,-636,22.5625,25.68,997.22,12.748,3,96,0,3,0,5,1,21,1,4,1,2638
1740188569.7661297,00:59:44.03,-4103,-78,435,14,35,-24,259,-224,53,27.79,1629,-1690,-633,22.5625,25.68,997.23,12.748,3,124,0,11,0,0,9,23,2,4,1,2638
1740188569.848744,00:59:44.11,-4139,-86,441,18,42,-19,253,-217,54,28.03,1617,-1682,-627,22.5625,25.68,997.23,12.748,3,77,0,0,1,5,2,25,2,4,1,2638
1740188569.9313586,00:59:44.19,-4109,-82,420,20,48,-9,260,-215,47,28.08,1624,-1679,-627,22.5625,25.68,997.24,12.748,3,106,0,9,3,12,0,19,2,4,1,2638
1740188570.0139835,00:59:44.28,-4139,-74,454,16,45,-2,264,-221,65,28.03,1621,-1681,-622,22.5625,25.68,997.24,12.748,4,96,5,6,0,0,0,19,2,4,1,2638
1740188570.096644,00:59:44.36,-4126,-104,419,15,51,-11,260,-225,52,27.55,1613,-1670,-613,22.5625,25.69,997.26,12.763,3,79,0,10,0,0,7,30,2,4,0,2638
1740188570.1792645,00:59:44.44,-4110,-109,436,11,30,-15,261,-229,60,27.98,1616,-1678,-621,22.5625,25.69,997.27,12.744,3,105,0,5,5,11,8,21,3,4,1,2638
1740188570.2618895,00:59:44.53,-4108,-84,420,16,48,-13,253,-222,44,28.17,1626,-1676,-631,22.5625,25.69,997.26,12.753,3,90,0,6,0,2,15,25,2,4,1,2638
1740188570.3445325,00:59:44.61,-4117,-119,424,15,38,-10,257,-217,49,28.03,1637,-1663,-627,22.5625,25.69,997.25,12.749,3,96,8,10,0,4,3,33,2,4,1,2638
1740188570.6011825,00:59:44.87,-4116,-103,439,8,39,-25,251,-213,50,28.37,1631,-1677,-609,22.5625,25.69,997.26,12.749,3,113,0,15,2,11,2,31,1,4,1,2638
1740188570.7094872,00:59:44.98,-4114,-109,429,21,40,-15,256,-219,53,27.89,1624,-1672,-625,22.5625,25.68,997.25,12.743,3,78,0,0,0,7,1,30,1,4,0,2638
1740188570.817392,00:59:45.08,-4115,-106,419,11,51,-11,256,-219,41,27.98,1621,-1671,-619,22.5625,25.68,997.24,12.752,3,120,0,2,2,1,2,30,2,4,0,2638
1740188570.9252288,00:59:45.19,-4112,-109,427,15,36,-24,255,-217,47,28.03,1647,-1674,-632,22.5625,25.67,997.25,12.739,3,86,4,0,0,0,6,31,2,4,1,2639
1740188571.0331044,00:59:45.30,-4127,-107,426,13,45,-9,249,-224,55,28.17,1620,-1686,-614,22.5625,25.67,997.25,12.752,3,87,0,2,2,6,0,30,2,4,1,2638
1740188571.141005,00:59:45.41,-4103,-82,452,19,43,-14,265,-227,52,28.37,1630,-1675,-634,22.5625,25.67,997.26,12.748,2,117,3,9,2,13,8,29,3,4,0,2638
1740188571.2488685,00:59:45.51,-4110,-113,444,22,40,-11,260,-222,56,28.22,1624,-1677,-625,22.5625,25.67,997.26,12.752,3,111,1,6,6,6,7,34,1,5,1,2638
1740188571.3567154,00:59:45.62,-4108,-98,444,18,39,-12,256,-224,50,28.03,1649,-1670,-618,22.5625,25.68,997.25,12.752,3,81,2,8,0,6,0,31,1,5,1,2638
1740188571.4645452,00:59:45.73,-4080,-88,438,17,39,-9,255,-222,49,27.98,1629,-1695,-621,22.5625,25.68,997.26,12.752,3,92,0,2,5,0,15,35,3,4,0,2639
1740188571.5723891,00:59:45.83,-4110,-100,427,25,46,-1,260,-227,56,27.98,1637,-1672,-626,22.5625,25.68,997.25,12.762,3,77,0,6,5,4,0,28,1,4,1,2638
1740188571.6804512,00:59:45.94,-4122,-100,427,16,47,2,267,-220,42,27.89,1630,-1670,-626,22.5625,25.68,997.25,12.748,3,93,3,7,7,0,7,35,5,5,0,2638
1740188571.7883294,00:59:46.05,-4130,-119,417,21,44,-22,255,-212,61,28.22,1640,-1671,-632,22.5625,25.68,997.25,12.748,3,75,2,0,9,0,7,30,2,5,1,2639
1740188571.8962028,00:59:46.16,-4110,-98,455,15,35,-22,254,-224,48,27.98,1648,-1672,-621,22.5625,25.68,997.24,12.743,3,83,0,7,4,3,3,28,3,4,0,2638
1740188572.0040276,00:59:46.27,-4105,-88,439,21,43,-15,257,-220,47,28.03,1630,-1691,-621,22.5625,25.68,997.25,12.748,3,110,8,1,6,4,13,28,1,4,1,2638
1740188572.1119442,00:59:46.38,-4123,-92,443,17,42,-6,255,-220,49,28.37,1638,-1666,-659,22.5625,25.68,997.25,12.752,3,98,4,14,3,7,7,31,1,5,2,2638
1740188572.2198353,00:59:46.48,-4085,-95,419,6,39,-16,255,-220,49,28.03,1619,-1644,-620,22.5625,25.68,997.25,12.752,3,86,0,1,7,11,6,32,3,4,0,2638
1740188572.3277197,00:59:46.59,-4120,-102,415,16,38,-16,264,-226,46,27.98,1640,-1678,-622,22.5625,25.68,997.25,12.757,3,81,1,10,0,0,7,32,2,4,0,2638
1740188572.4356785,00:59:46.70,-4133,-111,442,17,53,-19,255,-225,49,28.17,1632,-1684,-626,22.5625,25.68,997.24,12.752,3,85,1,0,0,0,10,32,1,4,2,2638
1740188572.5434887,00:59:46.81,-4117,-102,448,19,39,-15,261,-224,58,27.89,1614,-1676,-619,22.5625,25.68,997.24,12.743,3,95,0,3,0,5,3,31,1,4,1,2638
1740188572.651384,00:59:46.92,-4107,-111,423,15,39,-27,260,-217,54,27.98,1629,-1675,-623,22.5625,25.69,997.27,12.749,3,96,0,5,5,0,12,30,3,4,0,2637
1740188572.759399,00:59:47.02,-4125,-108,418,16,36,-17,265,-225,49,27.98,1628,-1673,-619,22.5625,25.69,997.27,12.753,3,123,0,9,0,2,9,35,2,4,1,2638
1740188572.8672404,00:59:47.13,-4111,-96,412,24,39,-24,264,-216,50,28.17,1640,-1678,-616,22.5625,25.69,997.27,12.744,3,79,0,2,4,12,0,29,1,4,1,2638
1740188572.9750652,00:59:47.24,-4124,-92,442,16,36,-16,257,-222,52,28.32,1623,-1686,-633,22.5625,25.69,997.26,12.744,3,109,0,0,7,12,0,33,2,4,1,2638
1740188573.082973,00:59:47.35,-4086,-109,432,8,42,-9,253,-220,42,28.17,1626,-1668,-660,22.5625,25.69,997.26,12.749,3,134,0,10,4,3,2,29,3,4,0,2638
1740188573.1908255,00:59:47.46,-4111,-105,435,21,38,-17,256,-221,41,28.03,1618,-1666,-623,22.5625,25.69,997.26,12.749,3,111,3,18,0,0,0,31,0,4,1,2638
1740188573.2986288,00:59:47.56,-4115,-125,434,15,43,-21,266,-224,53,28.22,1637,-1675,-627,22.5625,25.69,997.27,12.758,4,107,0,5,0,4,3,33,2,4,2,2637
1740188573.4065182,00:59:47.67,-4136,-111,431,15,40,-28,261,-216,48,28.03,1632,-1668,-625,22.5625,25.69,997.27,12.739,3,119,0,11,9,12,9,30,4,4,0,2638
1740188573.514391,00:59:47.78,-4118,-115,432,11,40,-11,256,-221,50,28.17,1606,-1660,-623,22.5625,25.69,997.26,12.749,3,85,0,0,6,2,9,29,0,5,2,2638
1740188573.6221793,00:59:47.89,-4125,-102,434,12,40,-5,261,-219,53,27.84,1625,-1666,-631,22.5625,25.69,997.26,12.744,3,143,0,3,2,2,9,29,1,5,2,2638
1740188573.7300055,00:59:48.00,-4116,-92,419,9,41,-13,255,-222,49,28.17,1633,-1674,-621,22.5625,25.69,997.26,12.744,3,85,0,0,9,0,7,32,2,4,1,2638
1740188573.8380795,00:59:48.10,-4119,-103,436,12,38,-16,246,-229,43,27.98,1637,-1675,-628,22.5625,25.69,997.26,12.744,3,107,4,0,9,2,0,30,1,4,1,2638
1740188573.9459825,00:59:48.21,-4122,-98,450,13,37,-18,254,-219,53,27.98,1633,-1671,-625,22.5625,25.69,997.26,12.749,3,92,0,4,0,0,0,27,0,4,2,2638
1740188574.0539043,00:59:48.32,-4100,-124,428,15,37,-6,256,-221,50,28.22,1611,-1665,-630,22.625,25.69,997.25,12.753,3,110,0,0,14,2,7,32,2,4,1,2638
1740188574.161787,00:59:48.42,-4152,-32,435,15,35,-18,251,-213,46,28.17,1630,-1698,-626,22.625,25.69,997.26,12.758,3,84,3,5,13,5,7,33,3,4,0,2638
1740188574.269648,00:59:48.53,-4081,17,365,23,2,-23,254,-213,48,28.17,1638,-1651,-628,22.5625,25.69,997.25,12.753,3,122,0,0,7,13,0,29,1,3,1,2638
1740188574.3774877,00:59:48.64,-4129,-89,416,13,20,-30,255,-217,54,28.22,1629,-1665,-620,22.5625,25.69,997.25,12.739,3,101,1,0,14,6,0,32,2,4,1,2638
1740188574.4853315,00:59:48.75,-4133,-108,465,3,61,-105,256,-216,53,27.98,1610,-1671,-623,22.5625,25.69,997.25,12.749,3,77,3,7,16,10,13,34,3,4,0,2638
1740188574.5931692,00:59:48.86,-4119,-94,405,24,67,34,255,-220,49,28.08,1627,-1658,-631,22.5625,25.69,997.26,12.753,3,77,0,0,10,8,2,30,3,4,1,2638
1740188574.701003,00:59:48.96,-4119,-82,427,15,37,2,254,-213,58,28.37,1634,-1650,-612,22.5625,25.69,997.26,12.753,3,112,0,15,4,12,10,29,2,4,1,2638
1740188574.808835,00:59:49.07,-4106,-48,413,11,31,-14,256,-219,46,28.22,1627,-1655,-635,22.625,25.69,997.27,12.744,3,81,0,2,14,10,0,28,3,4,0,2638
1740188574.9168303,00:59:49.18,-4114,-108,432,19,41,-19,251,-219,41,27.89,1642,-1651,-629,22.625,25.69,997.26,12.744,3,101,0,7,8,14,0,30,4,5,0,2638
1740188575.0247176,00:59:49.29,-4137,-76,412,18,54,-8,251,-221,50,28.03,1636,-1651,-637,22.625,25.69,997.26,12.749,3,86,0,0,13,4,3,34,2,4,1,2638
1740188575.1330843,00:59:49.40,-4111,-84,424,18,32,-59,259,-216,53,27.98,1634,-1651,-639,22.625,25.69,997.27,12.763,4,102,5,0,13,12,9,28,2,4,1,2638
1740188575.2392027,00:59:49.50,-4119,-91,410,16,43,0,264,-224,50,27.89,1634,-1646,-646,22.625,25.69,997.26,12.749,3,93,0,0,17,10,12,28,1,4,2,2638
1740188575.3423007,00:59:49.61,-4125,-93,432,17,47,-5,255,-212,59,28.17,1637,-1654,-629,22.625,25.69,997.26,12.758,3,74,0,0,15,9,4,29,3,4,1,2638
1740188575.4501603,00:59:49.71,-4144,-108,405,16,49,-2,254,-208,50,28.03,1624,-1652,-637,22.625,25.69,997.26,12.758,3,102,0,4,1,11,4,28,1,5,0,2638
1740188575.553409,00:59:49.82,-4102,-99,393,19,39,-24,257,-220,59,28.22,1639,-1652,-656,22.625,25.69,997.26,12.753,3,103,4,1,18,5,9,23,1,4,1,2638
1740188575.6452024,00:59:49.91,-4105,-92,418,15,43,-10,266,-221,46,28.08,1631,-1649,-619,22.625,25.69,997.26,12.749,3,87,0,1,4,4,6,30,2,4,0,2638
1740188575.7363517,00:59:50.00,-4108,-96,391,17,45,-1,248,-215,59,28.03,1638,-1652,-640,22.625,25.7,997.26,12.745,3,79,0,7,16,6,0,24,2,3,1,2638
1740188575.842558,00:59:50.11,-4176,-106,468,21,62,17,257,-217,49,28.32,1640,-1644,-660,22.625,25.7,997.26,12.754,3,121,9,0,8,5,1,33,1,4,1,2638
1740188575.9457984,00:59:50.21,-4139,-78,426,12,46,8,260,-222,49,28.08,1620,-1633,-685,22.625,25.7,997.26,12.754,3,104,0,0,5,14,1,33,1,3,1,2638
1740188576.052101,00:59:50.32,-4124,-44,407,21,50,19,259,-216,50,28.17,1661,-1641,-649,22.625,25.7,997.27,12.754,4,93,0,0,1,5,0,28,1,3,1,2638
1740188576.1536138,00:59:50.42,-4153,-57,425,17,45,3,259,-216,48,28.22,1648,-1630,-650,22.625,25.7,997.27,12.74,4,108,4,1,1,4,7,31,3,4,0,2638
1740188576.2565947,00:59:50.52,-4115,-58,406,15,38,-7,254,-213,48,28.03,1657,-1634,-651,22.625,25.7,997.26,12.74,3,78,0,3,6,6,11,34,2,4,1,2638
1740188576.3645446,00:59:50.63,-4122,-60,425,2,37,-44,260,-220,52,28.37,1648,-1653,-667,22.625,25.7,997.26,12.759,3,85,0,0,12,0,4,31,0,4,2,2638
1740188576.47088,00:59:50.73,-4106,-46,417,15,41,-3,260,-217,44,28.03,1647,-1635,-657,22.625,25.7,997.26,12.745,3,127,0,0,4,12,0,32,0,4,2,2639
1740188576.5721197,00:59:50.83,-4120,-65,393,10,38,-17,251,-221,58,27.98,1647,-1632,-648,22.625,25.7,997.25,12.759,3,87,0,4,5,11,0,30,2,4,0,2638
1740188576.6751933,00:59:50.94,-4123,-41,412,17,48,3,259,-216,50,28.37,1640,-1626,-659,22.625,25.7,997.26,12.759,3,77,0,4,5,14,10,32,5,3,0,2638
1740188576.781431,00:59:51.05,-4157,-93,403,9,38,-27,261,-206,46,28.03,1633,-1636,-684,22.625,25.69,997.26,12.739,4,83,6,0,10,10,6,28,3,4,1,2638
1740188576.8828266,00:59:51.15,-4114,-55,400,13,42,-11,256,-219,53,27.89,1651,-1631,-670,22.625,25.7,997.26,12.749,3,78,0,0,11,0,10,27,1,4,0,2638
1740188576.9864192,00:59:51.25,-4104,-55,391,14,48,-6,246,-224,55,28.03,1641,-1630,-658,22.625,25.7,997.26,12.763,3,85,5,1,5,9,4,26,2,4,1,2638
1740188577.0946736,00:59:51.36,-4104,-37,401,16,54,4,250,-210,47,27.98,1648,-1631,-660,22.625,25.7,997.26,12.745,3,95,0,0,11,6,2,29,3,3,0,2638
1740188577.1998043,00:59:51.46,-4157,24,485,17,47,-25,259,-213,50,28.03,1652,-1643,-668,22.625,25.7,997.25,12.749,3,98,0,11,0,8,0,31,1,4,1,2638
1740188577.3041327,00:59:51.57,-4131,-57,402,20,42,-7,256,-226,48,28.32,1634,-1630,-698,22.625,25.7,997.26,12.74,3,116,12,0,7,1,6,33,1,4,1,2638
1740188577.4121716,00:59:51.67,-4147,-12,450,13,18,-107,257,-220,44,28.51,1642,-1637,-647,22.625,25.7,997.26,12.745,3,78,0,0,0,9,18,31,2,4,0,2639
1740188577.5200715,00:59:51.78,-4214,-117,428,17,64,-35,257,-215,52,28.17,1639,-1645,-638,22.625,25.7,997.26,12.768,4,123,0,0,0,3,0,29,2,4,1,2638
1740188577.685667,00:59:51.95,-4089,-65,389,11,34,-1,255,-215,54,28.03,1661,-1640,-662,22.625,25.69,997.25,12.744,3,82,0,0,5,11,7,31,0,3,0,2638
1740188577.784407,00:59:52.05,-4058,-28,378,16,3,-79,251,-213,46,28.17,1631,-1636,-641,22.625,25.69,997.25,12.744,3,108,0,0,7,0,7,24,2,4,0,2638
1740188577.8671315,00:59:52.13,-4141,-79,432,25,69,52,269,-219,48,28.17,1638,-1629,-658,22.625,25.69,997.25,12.744,3,85,6,0,2,13,13,27,3,5,1,2637
1740188577.9497771,00:59:52.21,-4120,-15,419,7,44,-8,257,-217,42,28.17,1652,-1631,-667,22.625,25.7,997.25,12.745,4,98,3,6,11,0,2,26,1,4,0,2638
1740188578.032601,00:59:52.30,-4122,-57,422,15,20,-66,260,-217,52,28.41,1654,-1604,-678,22.625,25.7,997.24,12.749,3,125,7,0,1,0,6,21,3,4,2,2638
1740188578.115485,00:59:52.38,-4124,-94,427,16,32,-21,246,-219,48,28.22,1674,-1636,-654,22.625,25.7,997.25,12.754,4,101,0,5,7,0,5,25,2,4,1,2638
1740188578.1981978,00:59:52.46,-4191,-104,437,16,50,-29,260,-222,44,28.32,1641,-1620,-653,22.625,25.7,997.24,12.754,3,110,0,1,0,4,8,20,1,4,0,2638
1740188578.2808454,00:59:52.55,-4155,-98,439,16,62,14,251,-226,46,27.89,1650,-1628,-645,22.625,25.7,997.24,12.754,3,75,0,7,10,3,11,27,3,4,1,2638
1740188578.3634982,00:59:52.63,-4122,-89,410,16,40,-24,261,-216,46,28.22,1648,-1630,-659,22.625,25.71,997.27,12.754,3,115,3,0,9,11,6,25,2,4,1,2638
1740188578.44611,00:59:52.71,-4126,-40,436,15,26,-24,254,-211,48,28.17,1655,-1632,-651,22.625,25.71,997.27,12.745,3,74,0,0,15,5,2,19,2,4,0,2638
1740188578.528912,00:59:52.79,-4124,-52,407,26,72,56,270,-233,52,28.22,1672,-1626,-667,22.625,25.71,997.27,12.749,4,84,0,0,10,0,0,22,2,4,1,2638
1740188578.6115887,00:59:52.87,-4154,-51,419,16,58,27,259,-211,46,28.32,1667,-1615,-678,22.625,25.71,997.26,12.754,3,76,0,2,15,11,8,23,1,4,0,2638
1740188578.6942205,00:59:52.96,-4107,-20,370,33,49,-92,251,-213,53,28.22,1650,-1629,-683,22.625,25.71,997.27,12.745,3,90,0,4,7,10,0,25,3,4,0,2638
1740188578.7768557,00:59:53.04,-4146,13,408,21,71,-84,257,-222,47,27.98,1634,-1637,-658,22.625,25.71,997.26,12.749,3,103,2,0,2,5,5,25,1,3,1,2638
1740188579.032767,00:59:53.30,-4176,-118,431,23,11,-5,257,-212,49,27.98,1650,-1621,-665,22.625,25.7,997.24,12.735,4,88,10,0,6,2,7,32,2,4,1,2638
1740188579.1155896,00:59:53.38,-4164,-108,465,19,28,-60,266,-219,50,28.03,1639,-1623,-650,22.625,25.7,997.25,12.763,4,80,3,0,15,1,2,24,2,4,1,2638
1740188579.1984057,00:59:53.46,-4114,-6,386,18,58,26,256,-213,46,28.32,1643,-1606,-651,22.625,25.7,997.26,12.754,3,85,5,0,7,10,6,24,2,4,1,2638
1740188579.2811317,00:59:53.55,-4105,24,379,24,58,32,254,-208,48,28.37,1660,-1622,-663,22.625,25.7,997.26,12.745,4,126,0,1,3,3,8,24,2,5,1,2638
1740188579.3640106,00:59:53.63,-4113,-16,406,29,40,-23,251,-213,53,28.32,1657,-1627,-661,22.625,25.7,997.26,12.749,3,118,10,0,8,5,0,18,3,4,1,2638
1740188579.4468303,00:59:53.71,-4084,-27,303,25,38,-28,254,-213,55,27.79,1641,-1629,-663,22.625,25.7,997.25,12.749,3,83,0,0,5,0,8,16,2,4,0,2638
1740188579.5296843,00:59:53.79,-4112,-64,412,17,10,-59,256,-216,46,28.17,1650,-1628,-654,22.625,25.7,997.24,12.745,3,87,0,11,7,0,2,20,2,4,0,2638
1740188579.6123981,00:59:53.88,-4103,-49,401,20,42,-10,259,-211,53,28.22,1650,-1611,-654,22.625,25.71,997.27,12.745,4,75,0,0,6,0,0,25,2,4,1,2638
1740188579.6950488,00:59:53.96,-4092,-19,400,26,52,-24,261,-216,50,28.17,1640,-1618,-649,22.625,25.71,997.27,12.754,2,114,0,0,0,4,11,26,1,4,0,2638
1740188579.777659,00:59:54.04,-4108,-18,400,15,35,-15,256,-211,46,28.03,1643,-1634,-643,22.625,25.71,997.26,12.754,4,98,0,0,6,4,0,23,3,4,1,2638
1740188580.0329616,00:59:54.30,-4191,-139,412,17,99,37,254,-224,53,28.17,1631,-1661,-640,22.625,25.7,997.23,12.749,4,80,0,0,6,8,12,21,2,4,1,2638
1740188580.115995,00:59:54.38,-4365,-192,352,31,103,101,257,-215,54,28.22,1638,-1651,-650,22.625,25.7,997.24,12.745,4,113,5,8,17,10,0,23,2,4,1,2638
1740188580.1987371,00:59:54.46,-4195,-112,453,14,43,9,251,-221,46,27.79,1653,-1646,-636,22.625,25.7,997.24,12.759,3,70,0,0,1,6,13,24,2,5,1,2638
1740188580.2813683,00:59:54.55,-4091,-105,306,13,56,49,259,-213,48,28.37,1658,-1630,-668,22.625,25.7,997.24,12.74,3,118,0,0,0,9,5,26,3,4,1,2638
1740188580.3640044,00:59:54.63,-4048,71,356,17,121,102,254,-213,50,28.17,1659,-1610,-678,22.625,25.7,997.24,12.74,3,76,4,0,5,13,0,23,2,4,1,2637
1740188580.4468048,00:59:54.71,-4133,-28,437,17,41,-51,254,-221,46,28.32,1653,-1612,-662,22.625,25.7,997.24,12.74,4,99,0,0,10,6,5,25,2,4,0,2638
1740188580.5295029,00:59:54.79,-4101,-67,392,20,20,-4,254,-221,48,27.98,1651,-1614,-668,22.625,25.7,997.23,12.74,3,95,2,0,13,2,0,21,2,4,1,2638
1740188580.613195,00:59:54.88,-4104,33,389,21,45,49,265,-215,52,28.03,1654,-1617,-666,22.625,25.71,997.26,12.749,4,97,0,0,4,9,14,16,2,5,1,2638
1740188580.6959572,00:59:54.96,-4106,27,373,14,12,-41,255,-207,47,28.32,1642,-1612,-658,22.625,25.71,997.27,12.754,4,88,7,9,0,6,0,19,2,4,1,2638
1740188580.778634,00:59:55.04,-4092,-24,390,17,17,-104,266,-211,46,28.22,1659,-1616,-661,22.625,25.71,997.27,12.754,3,109,4,0,10,4,5,28,2,4,0,2638
1740188581.0331202,00:59:55.30,-4079,36,337,17,-1,-11,256,-224,55,28.37,1676,-1615,-679,22.625,25.7,997.25,12.745,3,98,0,0,11,0,7,31,2,4,1,2638
1740188581.1161537,00:59:55.38,-4190,-157,374,14,-104,-300,250,-217,52,28.37,1651,-1634,-656,22.625,25.7,997.25,12.759,3,103,3,0,4,1,0,23,3,5,1,2638
1740188581.1990407,00:59:55.46,-4126,-36,389,13,1,-90,262,-220,42,28.08,1632,-1649,-643,22.625,25.7,997.25,12.749,3,95,0,5,4,13,16,19,1,4,0,2638
1740188581.2817423,00:59:55.55,-4122,-182,488,4,15,-64,255,-227,49,28.32,1625,-1664,-627,22.625,25.7,997.25,12.745,3,97,5,0,0,1,7,26,3,4,1,2638
1740188581.3644319,00:59:55.63,-4112,-181,388,8,43,-22,262,-215,49,28.32,1628,-1673,-623,22.625,25.7,997.24,12.745,3,116,0,5,10,1,0,26,2,4,1,2639
1740188581.4470623,00:59:55.71,-4147,-68,442,17,10,-76,256,-213,46,28.03,1631,-1676,-615,22.625,25.7,997.24,12.749,3,90,0,0,0,9,8,22,2,4,0,2638
1740188581.5296984,00:59:55.79,-4100,-31,423,19,65,27,257,-207,49,28.37,1627,-1672,-623,22.625,25.7,997.23,12.735,4,99,0,5,0,1,16,19,2,4,1,2638
1740188581.6123405,00:59:55.88,-4157,-120,434,21,47,17,265,-227,47,28.08,1629,-1669,-627,22.625,25.71,997.26,12.759,4,85,0,9,8,8,1,22,2,4,0,2638
1740188581.6949682,00:59:55.96,-4114,-130,451,20,41,-23,253,-217,49,28.17,1618,-1656,-604,22.625,25.71,997.26,12.754,3,92,0,5,4,1,3,26,2,4,1,2638
1740188581.7775772,00:59:56.04,-4120,-105,456,12,39,-22,255,-220,56,27.98,1613,-1667,-612,22.625,25.71,997.27,12.754,3,73,3,0,0,6,19,25,1,4,1,2638
1740188582.0332718,00:59:56.30,-4110,-107,416,12,39,-20,261,-226,48,28.22,1629,-1672,-621,22.625,25.7,997.25,12.759,3,115,0,0,0,13,11,31,2,4,1,2638
1740188582.1160827,00:59:56.38,-4120,-79,440,5,40,-14,255,-225,49,27.98,1638,-1674,-620,22.625,25.7,997.26,12.74,4,120,0,0,8,0,4,26,2,4,1,2638
1740188582.198767,00:59:56.46,-4133,-87,430,12,39,-13,265,-222,61,28.41,1646,-1664,-627,22.625,25.7,997.26,12.735,4,90,8,7,1,0,4,21,2,4,1,2638
1740188582.281416,00:59:56.55,-4151,-105,443,14,35,-13,257,-220,54,28.17,1633,-1663,-631,22.625,25.7,997.25,12.759,3,100,0,12,9,0,1,23,2,4,2,2638
1740188582.3640673,00:59:56.63,-4115,-90,422,16,35,-14,260,-222,47,28.22,1618,-1667,-624,22.625,25.7,997.24,12.754,4,97,0,1,3,5,0,22,1,4,0,2638
1740188582.446709,00:59:56.71,-4093,-91,434,22,35,-3,254,-231,46,28.17,1621,-1670,-626,22.625,25.71,997.27,12.749,3,82,0,3,12,2,10,22,3,4,1,2638
1740188582.529284,00:59:56.79,-4135,-98,456,11,38,-20,253,-222,54,28.22,1622,-1679,-616,22.625,25.71,997.27,12.759,3,82,8,2,1,6,6,20,1,4,0,2638
1740188582.6119206,00:59:56.87,-4119,-101,439,18,43,-20,260,-233,52,28.08,1629,-1680,-621,22.625,25.71,997.26,12.745,3,79,0,0,0,7,14,26,2,4,0,2638
1740188582.6946824,00:59:56.96,-4124,-73,446,17,35,-6,253,-225,52,28.22,1628,-1675,-622,22.625,25.71,997.25,12.754,3,101,0,2,7,5,1,31,2,4,1,2638
1740188582.77556,00:59:57.04,-4127,-116,417,15,40,-23,260,-225,56,28.32,1624,-1651,-615,22.625,25.71,997.25,12.754,3,102,9,11,6,3,2,33,1,3,2,2638
1740188583.033569,00:59:57.30,-4147,-156,459,15,37,-107,259,-224,46,28.22,1624,-1680,-614,22.625,25.7,997.24,12.74,3,93,4,1,8,8,3,35,1,4,1,2638
1740188583.1417885,00:59:57.41,-4083,11,247,5,38,-152,257,-217,54,27.98,1626,-1670,-605,22.625,25.7,997.24,12.74,3,99,0,0,11,0,6,30,3,4,1,2638
1740188583.2498293,00:59:57.51,-4062,-194,390,22,37,76,254,-234,48,28.41,1608,-1689,-596,22.625,25.7,997.24,12.768,3,86,5,2,14,0,1,34,3,4,0,2638
1740188583.3578053,00:59:57.62,-4086,-277,442,16,40,-65,257,-230,47,28.41,1602,-1683,-592,22.625,25.7,997.24,12.749,3,106,0,0,7,12,4,31,3,5,0,2638
1740188583.4657502,00:59:57.73,-4121,-142,447,16,49,-12,255,-227,64,28.51,1612,-1701,-602,22.625,25.7,997.23,12.745,3,108,0,6,1,0,12,29,1,4,2,2638
1740188583.5736837,00:59:57.84,-4125,-139,442,17,39,3,257,-222,54,28.08,1602,-1700,-587,22.625,25.7,997.24,12.759,3,119,0,0,2,4,0,27,3,4,0,2638
1740188583.6816041,00:59:57.94,-4104,-165,403,13,90,-168,251,-229,55,28.08,1598,-1712,-553,22.625,25.7,997.24,12.74,3,114,5,1,10,0,0,30,4,4,0,2638
1740188583.7894847,00:59:58.05,-4147,-193,409,8,65,-108,244,-236,58,28.17,1565,-1708,-579,22.625,25.7,997.25,12.749,3,98,4,1,13,0,0,29,1,4,1,2638
1740188583.8974211,00:59:58.16,-4094,-274,367,15,53,-32,254,-236,53,28.51,1624,-1740,-587,22.625,25.7,997.24,12.745,3,104,0,0,7,5,7,34,1,4,1,2638
1740188584.0053217,00:59:58.27,-4124,-254,417,5,56,-63,256,-229,58,28.17,1585,-1741,-575,22.625,25.7,997.25,12.759,3,91,0,0,10,6,0,30,3,4,0,2638
1740188584.1135507,00:59:58.38,-4113,-241,409,21,24,46,248,-233,52,28.17,1572,-1743,-580,22.625,25.7,997.25,12.763,3,102,0,1,1,0,12,31,1,3,1,2638
1740188584.2199864,00:59:58.48,-4093,-236,406,28,7,85,244,-231,48,28.41,1596,-1707,-588,22.625,25.7,997.24,12.749,3,87,0,9,13,3,10,31,3,4,0,2638
1740188584.322929,00:59:58.59,-4155,-188,429,28,12,47,251,-234,43,28.17,1591,-1730,-579,22.625,25.7,997.24,12.759,3,98,0,3,0,11,9,34,2,4,2,2638
1740188584.4308615,00:59:58.69,-4154,-168,426,18,38,-21,249,-221,53,28.22,1593,-1716,-585,22.625,25.7,997.23,12.745,3,103,9,7,8,0,2,33,1,4,2,2638
1740188584.538796,00:59:58.80,-4127,-194,417,11,65,-83,257,-227,64,28.22,1576,-1709,-589,22.625,25.7,997.24,12.754,3,85,2,0,0,1,6,36,2,4,2,2638
1740188584.646714,00:59:58.91,-4098,-250,418,11,56,-97,254,-226,48,28.37,1608,-1712,-582,22.625,25.7,997.24,12.749,3,117,5,10,7,6,0,29,3,4,0,2638
1740188584.7546532,00:59:59.02,-4093,-254,411,5,68,-103,262,-230,59,28.03,1580,-1745,-572,22.625,25.7,997.24,12.749,3,77,0,0,18,1,10,33,1,4,1,2638
1740188584.8625562,00:59:59.13,-4106,-257,386,14,39,-19,254,-229,55,28.22,1585,-1717,-584,22.625,25.7,997.24,12.749,3,92,0,0,5,2,10,31,1,4,1,2638
1740188584.9705014,00:59:59.23,-4101,-253,376,25,19,46,246,-226,50,28.32,1583,-1717,-584,22.625,25.7,997.24,12.754,3,84,5,15,10,2,5,33,2,4,1,2638
1740188585.0785792,00:59:59.34,-4085,-260,402,25,12,71,254,-219,62,28.32,1594,-1714,-588,22.625,25.7,997.25,12.749,3,82,9,0,11,0,11,33,3,4,0,2638
1740188585.1867418,00:59:59.45,-4099,-213,437,32,13,100,255,-225,61,28.32,1616,-1702,-584,22.625,25.7,997.24,12.74,3,76,0,0,4,3,0,31,3,4,0,2638
1740188585.2947533,00:59:59.56,-4161,-124,431,10,40,-50,251,-229,60,27.98,1597,-1718,-591,22.625,25.7,997.24,12.74,3,113,0,0,8,4,8,22,2,4,0,2637
1740188585.4027927,00:59:59.67,-4138,-143,442,8,62,-103,251,-224,58,28.37,1581,-1695,-619,22.625,25.7,997.24,12.74,3,88,5,0,8,4,10,33,1,4,1,2638
1740188585.5107481,00:59:59.78,-4128,-218,441,36,84,-216,254,-236,53,28.22,1586,-1757,-565,22.625,25.7,997.24,12.759,3,98,0,5,9,7,0,32,2,4,0,2638
1740188585.619645,00:59:59.88,-4086,-291,397,25,90,-157,251,-241,58,28.37,1554,-1739,-571,22.625,25.71,997.27,12.745,3,127,0,1,0,9,4,27,4,4,2,2638
1740188585.7065945,00:59:59.97,-4107,-285,407,10,60,-56,251,-241,53,28.08,1558,-1733,-577,22.625,25.71,997.27,12.74,3,106,1,0,11,5,0,22,1,4,2,2638
1740188585.7892928,01:00:00.05,-4156,-272,401,12,62,-58,256,-247,46,28.37,1572,-1742,-585,22.625,25.71,997.27,12.745,3,86,0,1,3,7,2,21,2,4,0,2638
1740188585.8719327,01:00:00.14,-4086,-321,345,5,85,-123,256,-236,50,28.32,1564,-1746,-596,22.625,25.71,997.27,12.749,3,92,5,16,2,8,11,24,3,4,1,2638
1740188585.9545853,01:00:00.22,-4130,-311,352,22,13,24,251,-229,55,28.17,1571,-1736,-586,22.625,25.71,997.27,12.754,4,97,7,0,0,4,9,28,1,4,0,2637
1740188586.0373049,01:00:00.30,-4170,-242,419,19,33,14,255,-227,56,27.79,1558,-1724,-582,22.625,25.72,997.26,12.74,3,100,2,5,0,1,0,22,3,4,1,2638
1740188586.1868498,01:00:00.45,-4109,-313,381,24,55,-92,244,-231,55,28.37,1563,-1750,-588,22.625,25.71,997.26,12.749,3,92,2,0,0,0,17,29,1,4,1,2638
1740188586.2695858,01:00:00.53,-4076,-323,357,70,46,-44,243,-227,56,28.37,1552,-1738,-581,22.625,25.71,997.26,12.749,4,112,3,7,0,5,13,22,1,4,0,2638
1740188586.3522253,01:00:00.62,-4161,-287,390,12,54,-31,249,-234,55,28.22,1568,-1725,-576,22.625,25.71,997.26,12.759,3,109,0,2,5,7,9,22,3,4,0,2638
1740188586.4348867,01:00:00.70,-4133,-315,383,17,36,7,250,-238,47,28.37,1563,-1738,-573,22.625,25.71,997.26,12.745,3,82,0,2,0,1,0,23,0,4,1,2638
1740188586.5175147,01:00:00.78,-4068,-330,390,6,55,-15,253,-240,61,27.98,1557,-1749,-573,22.625,25.72,997.26,12.75,3,113,0,8,3,11,1,26,3,4,0,2638
1740188586.6001227,01:00:00.86,-4003,-381,341,12,28,-8,256,-244,67,28.37,1583,-1740,-578,22.625,25.72,997.25,12.759,3,74,0,8,11,6,14,23,1,4,1,2638
1740188586.6827388,01:00:00.95,-4164,-200,380,11,-14,161,261,-236,62,28.37,1594,-1726,-592,22.625,25.72,997.25,12.75,3,88,8,4,8,1,0,25,2,5,0,2638
1740188586.7653482,01:00:01.03,-4066,-335,372,21,20,42,259,-229,50,28.22,1567,-1736,-592,22.625,25.72,997.25,12.755,3,101,0,6,10,0,0,22,2,4,2,2638
1740188586.847963,01:00:01.11,-4086,-277,401,45,-65,376,253,-225,47,27.98,1581,-1718,-585,22.625,25.72,997.24,12.75,3,104,10,0,0,10,0,21,2,4,1,2638
1740188586.9305778,01:00:01.19,-4212,-129,444,-45,10,104,254,-229,50,28.08,1604,-1698,-600,22.625,25.72,997.24,12.745,3,110,0,7,0,15,8,24,3,4,1,2638
1740188587.1870403,01:00:01.45,-4180,-13,433,-3,104,3,250,-215,44,28.17,1613,-1657,-655,22.625,25.72,997.26,12.755,4,72,0,0,6,6,0,22,3,4,1,2638
1740188587.2700038,01:00:01.53,-4031,-93,408,-52,-45,49,255,-217,47,28.37,1617,-1649,-646,22.625,25.71,997.26,12.74,4,116,0,12,0,14,8,21,0,4,1,2638
1740188587.3526552,01:00:01.62,-3949,-215,380,-16,35,-71,253,-225,49,28.22,1615,-1665,-664,22.625,25.71,997.26,12.749,3,114,2,0,1,0,9,26,1,4,0,2638
1740188587.4353192,01:00:01.70,-4210,-156,483,-54,6,-70,255,-220,52,28.17,1619,-1668,-673,22.625,25.71,997.26,12.745,4,87,0,1,4,1,0,22,3,4,1,2638
1740188587.51798,01:00:01.78,-4201,-233,434,-86,54,-234,256,-226,53,27.98,1618,-1659,-671,22.625,25.71,997.27,12.74,3,83,0,0,0,0,8,21,1,4,0,2638
1740188587.6006007,01:00:01.87,-4178,-95,447,21,10,34,255,-230,44,28.03,1616,-1657,-673,22.625,25.71,997.27,12.74,3,118,6,1,0,9,8,21,3,4,1,2638
1740188587.6833105,01:00:01.95,-4144,-119,420,14,54,-73,257,-220,49,28.22,1599,-1659,-669,22.625,25.72,997.26,12.745,3,111,5,0,0,0,2,21,1,4,1,2638
1740188587.7659857,01:00:02.03,-4135,-135,407,7,86,-138,245,-220,44,28.37,1611,-1679,-676,22.625,25.72,997.26,12.745,3,91,0,2,0,0,13,24,2,4,0,2638
1740188587.848811,01:00:02.11,-4040,-276,422,19,13,10,251,-224,48,28.41,1612,-1665,-676,22.625,25.72,997.24,12.759,4,93,1,6,0,0,12,24,3,4,1,2638
                                                                                                                                                                                                                                                                                                                                                                                                                                                                                                                                                                                                                                                                                                                                                                                                                                                                                                                                                                                                                                                                                                                                                                                                                                                                                                                                                                                                                                                                                                                                                                                                                                                                                                                                                                                                                                                                                                                                                                                                                                                                                                                                                                                                                                                                                                                                                                                                                                                                                                                                                                                                                                                                                                                                                                                                                                                                                                                                                                                                                                                                                                                                                                                                                                                                                                                                                                                                                                                                                                                                                                                                                                                                                                                                                                                                   