cali_x,cali_y,cali_z
-13.684096269955111,17.578362422049512,-47.354123728958804
-12.261101759366712,17.09499052959554,-47.6738402968384
-14.632759277014046,17.441690326625885,-48.27447025053417
-13.684096269955111,17.884309104533692,-49.229216870065045
-14.790869778190535,17.291433859686872,-48.58118241041625
-15.26520128172,17.605531165080283,-48.11408751147185
-15.423311782896489,17.45527469814127,-49.82271449397459
-14.790869778190535,16.22062047099224,-48.093320647900605
-15.10709078054351,17.143894267050936,-48.26293353723929
-15.423311782896489,16.69040799193082,-49.02918948182194
-14.316538274661067,18.50706996671436,-49.07764419742077
-13.684096269955111,18.649175810744143,-47.84198549147445
-14.632759277014046,18.512503715320516,-47.20464887680463
-14.316538274661067,18.50706996671436,-48.29880262929817
-15.897643286425955,17.769372003534684,-48.73254634053211
-15.26520128172,19.135264577501186,-49.233832594903596
-12.102991258190222,19.080927091439637,-48.64851491162463
-10.205665244072357,19.048324599802708,-48.67116825435609
-10.679996747601825,19.209448563954037,-47.26652678485857
-10.521886246425336,19.512678372135138,-48.67620276365221
-11.15432825113129,18.146785798168633,-48.33068482290525
-11.470549253484268,18.45816622925897,-48.800087584268915
-13.209764766425646,17.876158481624458,-48.144502010376286
-13.8422067711316,18.192972661320947,-48.76589752824256
-14.316538274661067,17.130309895535547,-48.27237243004406
-16.055753787602445,17.61911553659567,-48.88349018678966
-16.213864288778932,16.398045680962024,-49.01387721140513
-17.162527295837865,15.037586855601676,-48.50881539991174
-18.585521806426264,14.14419867687683,-46.76075381015736
-18.585521806426264,12.461491923213838,-48.130365055911895
-23.48694734289742,3.2143412108417224,-47.89270590335554
-23.012615839367953,-0.6181429431197707,-49.382635155133286
-24.593720851132844,-2.1207076125099005,-47.465170717969386
-24.593720851132844,-3.3444943424466227,-46.6628356393987
-24.435610349956352,-5.488837994138963,-46.46784146105096
-23.012615839367953,-9.18465005267683,-47.03742419125333
-22.22206333348551,-9.504181106676398,-47.1967580200706
-21.115289825250088,-10.594012615492574,-46.72211070748164
-21.115289825250088,-10.288065933008392,-46.72798408509367
-19.37607431230871,-12.000658304005235,-48.118360895018704
-20.64095832172062,-12.13189665082271,-48.256090291349565
-20.324737319367642,-11.372463693218412,-48.58608591975057
-19.37607431230871,-10.470924891584332,-47.368886214956234
-18.111190302896798,-13.552126710850759,-47.636791294572674
-17.95307980172031,-14.62565697384847,-48.55273213323864
-16.055753787602445,-16.187992877906304,-48.54601858790998
-16.53008529113191,-18.627415714870512,-48.80490485857996
-15.581422284072978,-17.266956889510165,-48.21958847470172
-17.95307980172031,-17.226203774964002,-48.191271796287396
-18.111190302896798,-19.059166995566013,-46.12915567493556
-12.893543764072668,-20.06666389502011,-48.19882031172973
-12.577322761719689,-19.30723093741581,-49.774962449126896
-13.684096269955111,-19.28821281729427,-48.515601490204055
-12.735433262896178,-18.386674015660194,-48.07724335353231
-12.577322761719689,-18.23641754872118,-49.32821432989542
-10.521886246425336,-19.03660362087164,-50.116913575280364
-9.88944424171938,-19.200444459326036,-48.87538149172203
-9.257002237013426,-19.9761786627488,-48.40094422106223
-8.150228728778002,-20.607090147838704,-47.46780203401775
-7.675897225248537,-21.992000841926743,-47.60280348407103
-2.1420296840714275,-22.087091442534454,-48.9150222427006
-0.7190351734830266,-22.264516652504245,-49.0848438745677
-1.1933666770124924,-22.25636602959501,-49.079180538884835
0.387738334752396,-23.048401478836237,-49.08337488046432
0.387738334752396,-22.742454796352053,-47.99887006270472
2.1269538476937715,-21.395580342507092,-49.29221233512549
3.70805885945866,-22.187615791748314,-48.984870049455935
5.289163871223549,-20.685051122358185,-48.25427315500302
6.870268882988436,-20.25329984166269,-47.814656066157056
10.348699908871192,-18.018470957699037,-47.58870089933921
15.408235946518834,-15.657837475524067,-47.384560206936925
17.62178296298968,-16.001820398251333,-47.09357910192924
18.25422496769563,-14.024034459316468,-47.9181487387738
18.886666972401585,-11.89327517913951,-47.03220361455469
19.360998475931055,-10.67763907211202,-48.61904359693084
20.1515509818135,-10.385276761143226,-47.85551429922504
20.467771984166475,-8.096110391118025,-47.903340188437134
21.890766494754875,-6.284882164940636,-47.79980214753336
22.20698749710785,-5.0665291836100685,-48.917449410475
21.25832449004892,-5.662121302759967,-47.95976610213811
19.360998475931055,-6.85330554105976,-48.69246081708115
20.625882485342963,-6.722067194242292,-49.64510961612191
21.25832449004892,-6.426988008970419,-49.035460853479684
21.890766494754875,-5.825962141214366,-48.89899040932303
21.25832449004892,-6.426988008970419,-47.94508265810805
22.365097998284345,-2.9276192805238828,-48.02584095057301
23.78809250887274,-4.022884537946209,-47.08766425423242
22.68131900063732,-1.5562929579512226,-47.432973452450966
22.839429501813807,-0.33522310231757774,-48.081427995958094
23.15565050416679,-1.1055235571341844,-48.38205673629898
23.78809250887274,4.237675889126669,-47.24624544975708
21.25832449004892,5.657905949154722,-48.48861770103206
20.942103487695945,7.49901979266596,-48.987387350455855
22.20698749710785,8.089178163209702,-47.30078488429784
20.625882485342963,7.045533517545844,-48.0401918451688
20.942103487695945,7.957939816392233,-48.52889247600034
21.100213988872433,8.567116307057516,-48.38675869616082
21.5745454924019,10.241672437811278,-47.178579099713666
22.048876995931362,10.692441838628316,-47.50458912906361
20.309661482989988,13.169900915835614,-47.68657889941382
18.728556471225097,17.021403189918647,-47.42958170670554
16.198788452401278,17.217846520009974,-48.02538719303434
12.878467927695015,18.192740927827142,-47.69182734884133
12.246025922989059,20.039288519944538,-48.65412638201678
8.135152892400347,20.72182061679291,-48.461022581031465
7.028379384164924,20.281918713188176,-48.906303005560304
6.079716377105992,20.910113323975008,-47.972113207671505
4.656721866517591,20.322671827734343,-49.18952295439502
3.5499483582821725,19.576823241645428,-49.16162506043826
3.70805885945866,21.71573314473162,-49.36039479590792
3.233727355929194,22.18280379136712,-48.5846999585205
3.8661693606351473,21.10112290546018,-48.88323087837127
4.498611365341104,21.702148773216233,-49.369833688712696
5.605384873576527,19.694477216947515,-49.34487118416122
5.131053370047061,18.784787792404202,-49.94466097014034
5.447274372400035,16.178807242682513,-50.98889101293167
4.814832367694082,12.518314550084654,-50.75509105371905
6.5540478806354585,11.876535567782442,-50.91987817629001
7.186489885341415,12.477561435538494,-51.0949443593824
5.763495374753014,10.666333209361104,-52.44462890928233
5.605384873576527,-3.8634173343344025,-54.18874377126894
5.289163871223549,-6.611503728085873,-54.132107815638804
5.131053370047061,-10.739067067319237,-52.337477989445816
7.028379384164924,-14.290056407524244,-51.20220929426736
7.028379384164924,-16.890603208639778,-49.59460244831997
9.558147402988748,-20.299486704815006,-49.09289481068944
11.771694419459589,-22.479149722447357,-46.585917049266335
11.139252414753635,-24.609909002624306,-45.914179037240274
12.404136424165547,-28.3030041868591,-43.83381265726488
15.408235946518834,-30.95517159973311,-41.327463722228515
15.250125445342348,-40.436801882439624,-29.305109402231402
15.72445694887181,-43.04549930646439,-27.547397578342363
18.25422496769563,-44.77167604897663,-22.872249049715954
17.305561960636698,-47.355921604273696,-18.137949259912467
17.779893464166168,-47.36407222718293,-14.093636441357853
19.67721947828403,-46.63180801260941,-11.015606955629009
20.625882485342963,-46.80108259966997,-8.687472233820952
21.100213988872433,-48.338966635000105,-4.769560840830735
22.20698749710785,-48.052038072637465,-2.919428904875223
21.5745454924019,-48.50009059915142,-2.435762783339812
20.625882485342963,-48.024869329606695,10.651292166067421
20.625882485342963,-45.57729586973324,12.16198828141641
20.942103487695945,-45.88867630082357,14.967915747147847
21.100213988872433,-44.82057978643202,19.306983928431322
21.25832449004892,-42.37572320086165,21.283097206092915
21.5745454924019,-42.3811569494678,23.14854141246522
20.942103487695945,-40.38163601610833,26.54481847197028
19.519108977107543,-37.75663734626509,30.406092609929622
19.835329979460518,-36.23233768245034,33.48831643723796
21.5745454924019,-33.35572981618448,35.43674186287197
21.25832449004892,-20.959455426969,43.146829621557295
18.25422496769563,-18.307288014094997,45.46929840888104
17.779893464166168,-14.627777201375594,46.80639603584026
17.938003965342656,-13.559680686984041,47.40702469013528
16.515009454754253,-11.087655358382898,48.62317418528383
15.566346447695322,-9.235674017659349,49.53387047272453
16.989340958283723,-8.342285838934503,50.43387021458696
15.250125445342348,-6.62969346793766,49.48772232014423
13.510909932400965,-3.9992610494882714,50.08163742911059
12.404136424165547,-0.614829422040741,50.964854607052125
11.297362915930123,14.089629457321475,49.91730536347903
11.297362915930123,17.455042964647465,48.295015073501574
10.981141913577146,22.967516997968872,46.012313442863785
13.66902043357746,24.14511686475328,45.17788612875685
13.510909932400965,26.595407198929802,43.419335436551926
16.198788452401278,31.597340596766472,38.461514748057205
16.989340958283723,35.86700978002961,34.94294566894469
16.989340958283723,37.09079650996634,32.582927454128814
17.305561960636698,39.37996287999154,29.108198665177312
18.570445970048613,42.876614734135,26.065954635285543
21.890766494754875,47.714707293517264,8.33051780414252
21.890766494754875,48.173627317243536,3.804426642613453
22.997540002990295,47.69568917339572,1.1519609274879925
23.471871506519765,48.146458574212765,-3.3797935697239425
24.578645014755182,46.13878701794405,-8.962490355655126
23.946203010049235,45.53776115018799,-9.877802367934367
24.420534513578694,45.07069050355249,-12.834253596065043
22.997540002990295,45.40108905476436,-15.00389335737173
22.20698749710785,45.414673426279755,-19.04443061880443
21.100213988872433,44.20990481646457,-21.344247362797425
19.519108977107543,38.42408659229591,-31.182947474528575
15.72445694887181,36.3476647981805,-33.58882016377378
12.246025922989059,36.4074360328482,-36.97419193517218
8.135152892400347,36.63104810597031,-38.64149783126306
4.498611365341104,34.245962755067644,-42.44529974407785
2.1269538476937715,30.768329021045723,-44.21865898661946
0.2296278335759049,26.823624640388303,-46.767713066548495
-1.5095876793654708,24.40593679784871,-48.10187530410246
-2.6163611876008934,21.518461434370533,-48.96747364860865
-3.565024194659825,19.393135902799735,-49.07080164758327
-8.624560232307468,7.548155263615159,-53.61014872912383
-10.363775745248846,4.518574056107203,-52.28450287983692
-8.46644973113098,0.20271800969174367,-54.09414869949426
-8.940781234660447,-3.0015715334829207,-52.313363449015434
-10.521886246425336,-5.727922932809773,-52.24162526489766
-9.257002237013426,-7.585338022139477,-51.28687734596605
-7.992118227601513,-14.184926689973983,-50.396860387672554
-4.039355698189294,-20.065835514750354,-48.15170428632471
-2.9325821899538718,-22.838373777229517,-48.42359496499221
-1.5095876793654708,-26.075265812041117,-45.88662148912225
4.656721866517591,-39.18395791543882,-35.58568591889476
8.92570539828279,-41.09299361652698,-31.084134579257363
9.716257904165234,-44.31901815412627,-27.605000107396478
10.66492091122417,-45.71207947112355,-25.0976035615158
10.348699908871192,-48.30719252363292,-21.461233081327762
10.981141913577146,-48.16508667960316,-16.487134848393012
9.400036901812257,-51.65630478514045,-10.637285616137998
9.400036901812257,-50.43251805520374,-7.7011811677202475
7.344600386517902,-52.079905442926716,-3.438592001699701
5.447274372400035,-52.35324963377396,2.197594009126441
4.656721866517591,-52.0337185797744,10.456880146418662
3.70805885945866,-47.887137120419496,20.046551664742204
3.8661693606351473,-45.28930719360704,26.22547272145977
3.075616854752703,-39.15678917240804,35.9308478203687
3.5499483582821725,-29.68059263830767,43.375757146314484
2.285064348870259,-18.03288370948418,48.308025375154294
2.1269538476937715,-9.310686384381953,52.192498046010016
-1.035256175836005,2.8285450598047346,53.555938337799326
-0.7190351734830266,12.766378491934454,50.86898499029433
-1.5095876793654708,21.19349663176481,47.29000309902903
-1.8258086817184491,30.377330854896393,42.756064546303676
-1.8258086817184491,35.88437113961164,37.3542210860536
-1.9839191828949365,43.076835052292964,30.987351945751254
-3.090692691130359,46.614240020982585,24.23498506728536
-3.4069136934833373,49.526167253188454,19.04260918748394
-5.304239707601204,51.088503157246286,13.428236351672611
-6.727234218189603,51.72484839094235,9.850808390133238
-4.6717977028952475,52.91331575493907,7.46624905402495
-4.829908204071739,52.30413926427378,4.676053942568621
-7.201565721719069,52.344892378819935,1.7447726621170996
-7.992118227601513,50.828743337914425,-2.7337026521290353
-10.521886246425336,52.55492008042666,-7.097314553506404
-10.679996747601825,51.94574358976137,-6.616375078847844
-15.423311782896489,50.03859638270652,-7.300406335663628
-15.897643286425955,50.04674700561575,-9.475499390724018
-16.055753787602445,49.896490538676744,-10.093748177855124
-16.84630629348489,48.38034149777122,-10.833783965112817
-19.217963811132222,47.96217458859111,-10.796657220280455
-18.427411305249777,47.94859021707572,-11.429169367583304
-16.055753787602445,49.896490538676744,-15.389870841088745
-7.0434552205425796,46.682161878559526,-23.69446106504241
-7.0434552205425796,46.9881085610437,-24.63494432440154
-5.62046070995418,46.50473666858973,-26.045039087652764
-2.1420296840714275,44.762258680259045,-26.67733989362571
0.7039593371053706,43.795514895351104,-29.18599279287912
1.4945118429878148,43.01706381762526,-31.51727294602161
2.285064348870259,42.5445594223836,-32.60827996777997
-0.4028141711300482,37.54262602454694,-36.99655809675637
-3.8812451970128032,29.800756855868034,-43.659061638787534
-9.415112738189912,18.57582020456105,-48.67179708074283
-12.735433262896178,-21.140194158017817,-46.15516319152986
-13.525985768778622,-26.480676729975592,-42.61603729077525
-11.786770255837245,-33.700309385687696,-38.44880232682571
-13.051654265249157,-37.80885460479952,-36.32942142345699
-10.9962177499548,-40.44472077185506,-32.40983099443424
-11.15432825113129,-43.65444406363588,-30.63282130107733
-10.205665244072357,-43.97669199193852,-26.276761813344525
-8.46644973113098,-46.14820438666163,-24.854498911610186
-7.834007726425024,-47.84177863753695,-22.4932217446201
-8.150228728778002,-49.82499832507795,-19.49167127415418
-10.521886246425336,-51.77289864667897,-6.340639296802156
-12.102991258190222,-51.7457299036482,-4.296773434073867
-13.051654265249157,-52.647268705282286,-1.152460357381697
-16.371974789955424,-50.754534250012576,2.9019188809636853
-17.162527295837865,-49.67013648980254,5.538862283743186
-19.217963811132222,-49.175897100136275,8.04688635660986
-20.48284782054413,-47.777402034532834,10.52785140383568
-18.743632307602756,-48.87810104056132,14.110313874671187
-15.581422284072978,-47.40270511420197,17.781630942380396
-14.632759277014046,-46.807112995052066,22.120070297277135
-5.62046070995418,-34.87708087220235,40.005361197696374
-1.8258086817184491,-31.729845689392302,42.85798200617304
-0.4028141711300482,-28.541857392036103,44.02546804319434
2.917506353576216,-24.92755156259056,46.09610055281325
1.020180339458349,-22.447375611080187,46.383303501897544
1.4945118429878148,-20.772819480326422,48.837629607340844
-0.08659316877707351,-14.932663770096214,51.392974549938735
-2.1420296840714275,-6.789757318325419,51.72917610538605
-1.9839191828949365,4.221606376802012,52.138919987290286
-3.4069136934833373,14.648245449991853,49.9312270784113
-10.679996747601825,44.14410318641477,30.606254692894144
-10.363775745248846,46.58624289768205,24.792064510768864
-12.102991258190222,47.07504853874217,20.442507227034813
-12.102991258190222,49.063701974889355,17.13319568644177
-12.577322761719689,49.83671930400904,14.787650873726799
-14.474648775837556,50.63418850185642,10.745644618190724
-14.00031727230809,49.86117117273674,8.418140022170144
-15.10709078054351,50.033162634100364,3.7553683745552666
-17.79496930054382,48.549616084831776,3.3495225572780667
-18.901742808779243,49.79242093489004,0.6911821651398444
-23.8031683452504,46.81717721344363,-9.316503308943998
-24.119389347603374,44.22206416093425,-13.93585345085543
-24.277499848779865,44.07180769399524,-18.292541764974974
-22.854505338191462,43.43546246029918,-21.101614662040852
-24.593720851132844,41.629667982727945,-23.22636522294145
-25.384273357015285,40.87838564803289,-22.423401317984027
-26.965378368780176,40.140687684853205,-24.10329153821412
-25.068052354662306,39.8021385107321,-25.677754639578737
-24.435610349956352,39.4853243310356,-24.74482249446342
-24.435610349956352,39.4853243310356,-25.056359121712457
-17.004416794661374,35.380324366496616,-36.59558601333538
-16.213864288778932,33.68403324131824,-36.57272132927402
-16.213864288778932,32.91916653510779,-37.648416080615576
-14.632759277014046,32.58605110959283,-38.75179868398473
-14.316538274661067,31.356830631049956,-39.51092229878114
-13.209764766425646,33.173492605833495,-40.96129183700064
-13.525985768778622,29.35459282338739,-42.59755050959813
-14.632759277014046,23.5606239763095,-45.432339843908814
-15.423311782896489,16.69040799193082,-49.49649442269549
-16.84630629348489,5.241859267501737,-49.72655769606952
-10.363775745248846,-32.80692120696285,-40.66416885745364
-7.201565721719069,-37.14451224780293,-36.10241604699336
-5.304239707601204,-40.236581564281664,-34.19711585011035
-3.565024194659825,-41.643227252794325,-32.477999765157044
-1.1933666770124924,-45.661287239634845,-27.133839871381422
-0.5609246723065393,-48.57864822044686,-23.50292268494709
1.8107328453407932,-49.84318806492975,-18.678928130553246
1.3364013418113274,-50.59990414823097,-16.477824960097063
0.387738334752396,-51.50144294986504,-12.087365374408746
0.7039593371053706,-51.04795667474493,-10.542267861703507
-0.24470366995356085,-52.86733552383155,5.081130437786199
-2.6163611876008934,-52.367662385559115,8.216003322272853
-6.727234218189603,-50.9202635825003,10.263643442722316
-8.940781234660447,-49.046547247352116,14.460576544765527
-13.209764766425646,-48.208324934958576,16.366082885375477
-13.8422067711316,-47.585564072777906,19.477253516885614
-14.00031727230809,-46.20608712729602,22.256540741433785
-15.10709078054351,-45.26922895972193,25.211733017390245
-11.944880757013735,-43.6408596921205,27.322430260048264
-7.834007726425024,-42.79365837654796,30.059557529868687
-7.992118227601513,-32.082807615298556,41.38273230022314
-7.834007726425024,-25.966590839918023,46.4037313190308
-10.205665244072357,-14.75878381469926,50.73495080971726
-10.679996747601825,-2.053845868696529,51.74301548349725
-11.470549253484268,10.809499167154451,50.41539432122535
-10.363775745248846,22.72240166391596,45.655837049318684
-10.521886246425336,33.89217244889163,39.21261400006001
-12.102991258190222,40.49719486533228,32.718713308405775
-10.9962177499548,46.29116371241018,25.11702562987374
-9.257002237013426,49.167771578676046,18.34242549253472
-9.257002237013426,50.391558308612765,13.022809318852994
-12.577322761719689,50.601586010219485,9.16530813921408
-14.474648775837556,51.09310852558269,3.1041871841712854
-15.10709078054351,50.492082657826636,-2.0168692959699492
-18.585521806426264,49.328067162557616,-8.338345515786093
-21.905842331132533,46.937548063048794,-13.703606121967985
-24.435610349956352,42.6977644971195,-19.66613860978057
-26.649157366427197,39.06444054755242,-23.151900391946832
-29.178925385251016,34.518710299138945,-27.550876365902212
-32.02491440642781,29.366520434363263,-31.778561713887118
-31.55058290289835,24.463222891707137,-34.80561728026795
-34.39657192407515,13.192099377247844,-37.51392025339171
-35.029013928781104,0.9650995750929252,-40.07526367990823
-34.554682425251634,-4.8560380150157405,-40.28086946821167
-32.81546691231026,-12.228644011969928,-40.00490565606906
-31.23436190054537,-17.60987969847387,-39.14215776534559
-30.918140898192394,-19.145046859500923,-38.02618823903574
-31.23436190054537,-21.8931332532524,-36.879174088033984
-33.76412991936919,-25.215076771729148,-34.60360608658318
-32.81546691231026,-28.902738207357782,-30.650244385991655
-32.183024907604306,-33.349832600590716,-26.52265537062364
-30.127588392309953,-35.2208320614358,-23.708126581002578
-29.337035886427508,-39.517669987729725,-20.831508541997678
-27.59782037348613,-41.99512906493702,-16.44377430378547
-23.48694734289742,-45.89010132786928,-13.615609680978665
-20.64095832172062,-48.38657852519813,-6.5930285610763315
-17.320637797014353,-51.80904639288873,-0.025795584894345133
-14.316538274661067,-49.87201356850003,5.663587272076529
-11.312438752307779,-50.0766075215006,9.213327381588318
-8.940781234660447,-50.57628065977302,14.801480060074692
-6.252902714660136,-48.63381408677817,18.93695533792229
-2.300140185247915,-47.630922555660476,21.049960442999588
1.3364013418113274,-45.09286386351571,25.318130607881923
3.8661693606351473,-43.45362709870196,29.30559872827799
5.131053370047061,-38.2742684908955,35.10984499811762
7.186489885341415,-31.884707524667714,41.19269549195342
9.558147402988748,-24.582740259593532,44.76185727783895
10.66492091122417,-14.811464540221293,49.54528078031207
12.246025922989059,-5.966179491210827,51.22529480744802
16.356898953577765,4.365368981371306,50.35344447155628
17.14745145946021,24.850212336296032,42.78514685201801
17.62178296298968,29.12531526816533,39.42612164365192
17.938003965342656,36.15665521669533,33.52383079734626
17.62178296298968,42.73994263871137,25.92444968183277
16.515009454754253,44.900587536222176,21.535037706988764
17.779893464166168,47.173452660428914,17.270140678548948
18.25422496769563,49.000982132424774,9.908126336841569
16.989340958283723,49.48163715057566,3.3721493266814044
18.096114466519143,49.15667234796993,-1.1524728407442886
17.779893464166168,49.46805277906027,-3.0237904247286242
17.938003965342656,47.7826291510942,-14.5202298346378
19.519108977107543,46.99059370185297,-14.991729117090841
19.044777473578073,45.469010912341304,-16.825918656842074
20.309661482989988,44.988355894190406,-17.611052387034274
20.942103487695945,46.048301785672734,-16.23724550029951
20.625882485342963,46.20670887552098,-17.949858081853314
20.467771984166475,44.37374565491898,-19.937718114738953
20.467771984166475,44.37374565491898,-21.495401250984134
19.835329979460518,44.231639810889185,-22.886828270554968
17.938003965342656,43.040455572589394,-24.24259623999607
12.878467927695015,35.019808464457086,-36.79954453653737
12.878467927695015,31.501421615889004,-41.56081841635915
11.139252414753635,27.859947043412692,-43.96186533883664
10.348699908871192,22.36649113021282,-48.05245011687742
10.348699908871192,17.77729089295011,-48.58742270719513
7.9770423912238595,13.993710476444011,-50.04337194487568
6.870268882988436,8.5056883118503,-52.88403465679839
4.024279861811638,3.200525105832529,-53.99341704348692
1.1782908406348402,-3.940318195090325,-53.19833940100908
0.387738334752396,-9.892694132016464,-53.074369644769824
-4.6717977028952475,-39.02366233155725,-37.031990120043595
-5.936681712307159,-40.53166074955353,-33.872154731005466
-3.090692691130359,-44.098951335577006,-29.321309807453343
-1.1933666770124924,-47.955887358266196,-23.97442326680087
-2.7744716887773806,-48.387638638961675,-20.364064201409366
-2.300140185247915,-49.46660265056556,-15.05304805221652
-1.3514771781889834,-53.15426408619418,-9.542003215379811
-0.24470366995356085,-53.173282206315726,-4.2590950020728755
3.70805885945866,-53.24120406389266,0.21099162901428242
7.344600386517902,-52.84477214913717,4.520275437180794
13.66902043357746,-48.97614024896592,11.06644787164056
15.092014944165852,-50.071405506388245,12.004624567981162
15.092014944165852,-47.62383204651479,14.29416225145274
17.938003965342656,-48.743549172664814,13.657665804499569
20.467771984166475,-45.88052567791434,15.752420650953306
22.20698749710785,-44.839597906553564,18.514927910382045
21.5745454924019,-43.146023655678256,19.42478532950684
25.52730802181412,-40.460425370897575,23.063169993963186
27.898965539461454,-35.759004906938934,26.37071886230188
30.74495456063825,-31.371681748373703,28.743867890822635
34.53960658887398,-17.669286019859427,36.84574814854259
34.69771709005047,-10.482255855784256,39.50966564134039
32.9585015771091,-3.5685698825563374,41.111731659110035
26.950302532402514,6.019018497970206,44.895600379066536
22.68131900063732,18.483214744762613,43.618320411553675
15.72445694887181,31.299544537191522,39.87496628397275
9.874368405341725,39.50765597223617,32.62382715728161
4.340500864164617,44.95681351631705,27.13522432184645
-0.5609246723065393,49.477263515733064,17.918250978015116
-3.090692691130359,52.8861470119083,9.316591031909615
-6.0947922134836485,52.631820941182575,4.373746166195202
-7.201565721719069,52.65083906130412,-3.2456867514795125
-9.257002237013426,51.61534503854949,-7.717869903656042
-7.992118227601513,51.1346900203986,-12.552979788085715
-11.312438752307779,50.273904333310696,-16.8572290869561
-12.893543764072668,46.78268622777339,-22.845771690164483
-14.632759277014046,40.693638195423624,-31.43056413672651
-16.055753787602445,35.05807643819398,-36.7568076207136
-15.423311782896489,27.857461902603415,-42.078225337932984
-13.525985768778622,22.011872443767054,-46.19502897389797
-13.525985768778622,7.785351708252649,-50.439198010049864
-10.679996747601825,-4.042499304843703,-51.80473612232929
-4.829908204071739,-15.004130882245981,-50.4199325148616
-0.24470366995356085,-20.895907204234664,-48.961169095880166
4.814832367694082,-24.501234030501212,-46.305972835675625
9.558147402988748,-30.39572722679297,-41.733730922764785
12.404136424165547,-31.82139103542718,-38.781682778742
16.515009454754253,-35.56338995711736,-33.3083935131244
18.570445970048613,-36.82249605299409,-33.30944112396872
18.25422496769563,-36.20516893941956,-32.85010738119729
22.68131900063732,-39.034761562263355,-27.86551874641123
26.475971028873055,-39.099966545537214,-21.991629514142456
31.377396565344206,-40.866896402595614,-14.385199705064522
33.590943581815054,-37.99843915923898,-8.548229774500433
35.330159094756425,-38.6402181415412,-2.3265160384661536
39.282921624168644,-36.41353988048677,4.280276651274074
40.54780563358056,-31.5401279551645,13.51729919846514
41.18024763828651,-26.349901850145738,21.0425480324183
42.12891064534545,-16.728882597712502,28.634625647499718
39.44103212534513,-2.303201657803695,33.686791798504416
36.436932602991845,7.691686134690649,36.335604464013095
32.9585015771091,19.6833779862414,36.45961049273417
28.05707604063794,26.957348128015045,35.133960745245055
20.467771984166475,35.501291862877736,32.570763213847925
15.408235946518834,41.40121880777564,28.46960179893254
12.087915421812571,45.588553381676704,24.847283337586337
8.92570539828279,47.93749098636961,19.85640254073067
6.23782687828248,50.27827796815328,15.015626721816652
4.340500864164617,51.53466718972694,11.587883654360606
2.1269538476937715,52.18459679493838,5.371833254009193
0.7039593371053706,53.585808734844896,-6.475998773659715
-1.8258086817184491,51.02873192257858,-12.62660315196296
-4.039355698189294,49.07811472667449,-18.325424901738607
-6.885344719366093,47.59728505170899,-24.492810544562026
-9.257002237013426,43.81370463520288,-29.219894368357462
-8.940781234660447,39.21907064933402,-33.18554541553648
-9.88944424171938,34.03427829292141,-38.83779892887352
-10.679996747601825,27.775955673511096,-43.22523689013326
-10.521886246425336,22.113225173250676,-47.168443337109245
-10.363775745248846,17.062388037958613,-50.188786657562154
4.024279861811638,-17.144929279365492,-50.175934532547885
8.92570539828279,-20.44159254884479,-48.14779712589249
12.246025922989059,-22.64027368659868,-47.523253577890294
15.092014944165852,-24.218910836474976,-44.56826874506151
17.938003965342656,-26.8683613750459,-41.59272709059066
20.625882485342963,-27.37346826192449,-39.746789496214625
23.15565050416679,-29.099645004436724,-37.719702299205025
23.78809250887274,-32.475926008975016,-34.85881661447525
24.262424012402207,-32.79002331436843,-32.98938680905187
26.159750026520072,-34.04641253594208,-31.43086350509005
29.32196005004985,-36.85427016436125,-23.47157468295049
29.638181052402828,-37.16565059545159,-23.15794023521134
32.16794907122665,-35.52641383063784,-20.572386937435947
33.749054082991535,-34.788715867458166,-21.229021421573627
36.12071160063887,-34.37054895827804,-19.396928402911772
37.385595610050785,-33.78039058773431,-15.841106173259538
40.70591613475705,-32.46068487692012,-10.455288745435562
43.23568415358087,-31.586314818316815,-6.141600553760402
44.34245766181629,-29.46370616104909,-4.949782137975114
44.658678664169265,-26.409673084813438,-2.3642301396004575
47.978999188875534,-12.240206709663658,17.88443185009676
48.453330692405004,-7.200237071583911,20.741455742681335
46.39789417711064,-1.198957397202378,24.545673841152233
45.92356267358117,2.7865000980012042,25.409593149625884
44.34245766181629,7.096922395810508,26.12508521678968
41.338358139463004,12.808556633526322,28.856125168866704
37.85992711358025,20.51699493029854,32.1777247566465
31.851728068873676,25.97430309728865,33.70435936999755
26.317860527696567,32.18832734757997,33.341427440141445
18.728556471225097,37.21388423387457,32.403456887527774
-11.470549253484268,49.6647278426454,13.531226603609976
-17.79496930054382,49.773402814768495,8.62215171006359
-23.32883684172093,46.96199993177649,1.7344469339079265
-27.123488869956663,44.73260479641899,-2.2261722027764446
-32.65735641113377,41.6152552309428,-7.0830155242013495
-32.97357741348675,37.337435424770426,-10.423915580250497
-35.18712442995759,35.692764911350515,-15.34976913951558
-37.40067144642843,31.90646762054134,-21.94796050536619
-37.40067144642843,23.79888053471055,-27.24420697550568
-36.92633994289897,19.96639638074906,-31.693734186149264
-30.127588392309953,-16.099164406174502,-40.27511729870402
-26.332936364074218,-22.58924972161616,-39.729778113440865
-19.692295314661685,-29.893105480723655,-38.73643055737129
-15.26520128172,-34.86432488095671,-37.293399492664975
-13.684096269955111,-39.93961388497647,-33.165390393438635
-15.10709078054351,-43.280575523574754,-25.295377551431855
-17.79496930054382,-47.05872219147469,-18.18029398264199
-23.8031683452504,-46.190614261747314,-12.827119178122137
-29.495146387603995,-43.95118000944726,-10.775284716093193
-29.96947789113346,-43.17816268032758,-6.890096983827431
-42.46020748407608,-32.10242238219604,9.561973861460084
-43.40887049113501,-25.967187486693966,11.480821057704055
-45.464307006429365,-21.03672120100707,16.551742486813186
-45.30619650525288,-18.13294459171043,19.29788726617933
-45.464307006429365,-14.152920845113005,22.80609234914788
-47.045412018194256,-12.137098665935058,25.123317884647044
-46.25485951231181,-8.632296188882366,25.046335149303985
-46.88730151701777,-4.1852017956494345,26.2148687971696
-47.045412018194256,-1.58193812023082,27.880284315898045
-44.51564399937043,-0.24864803790124682,27.66788134604414
-41.19532347466417,7.189991322596558,33.403536162501176
-41.037212973487684,8.564034519472294,31.97330336206545
-41.82776547937013,13.625739151976664,28.92623356540597
-40.7209919711347,16.819161197939017,28.384043709679467
-38.50744495466385,21.829245218684914,28.104935765603173
-37.8750029499579,25.489737911282777,27.09229423826795
-36.76822944172248,29.44802666345559,25.445042743139762
-32.81546691231026,35.65201179680436,21.227467883831906
-30.443809394662924,39.89451223703673,15.353496314742054
-29.178925385251016,43.54413743242227,9.816022578051978
-26.17482586289773,43.6454901619059,-10.005357733726006
-26.01671536172124,43.7957466288449,-13.592853414456895
-24.119389347603374,44.680984184660524,-16.28118822164124
-21.273400326426575,44.02018708223677,-21.755312457372522
-21.273400326426575,44.02018708223677,-22.534154025495113
-18.111190302896798,43.96584959617522,-25.06420261470651
-19.217963811132222,41.84324093890749,-27.813704166736983
-18.427411305249777,39.07613642503448,-29.95103905177679
-18.111190302896798,35.705289169102336,-33.47287866853035
-19.692295314661685,31.449204357354585,-38.35635963233704
-33.76412991936919,-2.575022267899772,-40.80166363398017
-34.23846142289866,-8.379858612189974,-39.126722987423655
-37.71689244878141,-13.521180979753344,-34.77959997181624
-40.24666046760524,-18.67880459313518,-29.197657118578395
-40.87910247231119,-19.58577714337541,-25.589814658134582
-42.77642848642906,-23.071561500306565,-19.580421555133142
-45.464307006429365,-24.555108049575153,-13.911303141054125
-46.57108051466479,-22.853383175790615,-8.478501291135435
-48.46840652878265,-21.29104727173278,-4.746775309475659
-49.2589590346651,-19.74772948779649,-4.766703304731007
-52.42116905819488,-13.421485010809237,2.783295393042988
-50.998174547606475,-13.598910220779027,2.613473761175885
-51.15628504878296,-10.68969986287623,4.584552529541347
-52.1049480558419,-4.554464967374151,6.970704666658877
-52.42116905819488,-1.6425377351682815,8.632134586336253
-53.5279425664303,-0.5527062263521065,5.197889314881452
-52.1049480558419,-1.1890514600481623,5.036877749432385
-52.73739006054785,2.1872295444901346,6.22596821894008
-52.579279559371365,1.5726193052186959,5.301217313856067
-51.94683755466541,5.6920320215428255,3.5009241519802137
-48.46840652878265,17.71715474500026,-7.676387345752053
-47.519743521723726,20.454373641539423,-11.01170900174089
-45.78052800878235,24.095848214015742,-14.685626310619611
-41.35343397584066,27.232215899613475,-19.317435670363647
-37.40067144642843,29.305920819425808,-22.20957342291302
-35.503345432310574,29.73223835151515,-26.758317927173543
-32.81546691231026,28.615238099668204,-30.664061181680655
-31.70869340407484,27.372433249609934,-33.92491670727413
-27.914041375839105,25.624521512673084,-36.11867620661417
-25.068052354662306,22.2102042678917,-40.29379353484108
-25.85860486054475,17.940535084628557,-42.53865205983573
-26.01671536172124,17.48433193520537,-43.77410072385289
-25.85860486054475,14.575121577302571,-44.03172804234864
-24.435610349956352,13.938776343606513,-44.19273960779772
-22.538284335838483,12.070493757064499,-46.360909075600276
-21.115289825250088,10.05738845218963,-47.58586863716686
-19.37607431230871,7.885876057466513,-48.81166706704935
-14.316538274661067,2.2918957950527825,-51.414416515600266
-6.885344719366093,-3.189864240665019,-51.867662940628286
1.9688433465172843,-7.931209438900064,-52.81988775760849
22.997540002990295,-29.708821495102008,-36.77145788367291
24.894866017108164,-33.5657575177912,-32.51494953839208
25.369197520637627,-37.55121501299477,-27.926977870007587
26.475971028873055,-40.32375327547394,-22.43544094456791
24.420534513578694,-43.9597940993441,-14.552003610705283
23.78809250887274,-46.85542008573152,-9.81560600041168
18.728556471225097,-50.5928136390853,-3.295279007705558
13.985241435930433,-51.735094139929686,1.3021289546822188
8.92570539828279,-52.87194089216794,4.812934278820281
0.5458488359288833,-52.11605318913648,7.705069432568176
-13.051654265249157,-50.35266858665093,9.395734636995364
-13.8422067711316,-50.64503089761971,10.189888475534756
-17.320637797014353,-49.0555262505311,9.423211147693051
-18.901742808779243,-48.56943748377406,10.523657062256193
-22.854505338191462,-45.595022142597415,12.69581082970909
-26.649157366427197,-44.61197711187101,13.190802323209487
-30.28569889348644,-41.64299551930052,13.022655829172702
-35.029013928781104,-38.50202246536639,11.930177214509479
-39.45610796172279,-35.82540318376469,10.219659854644306
-42.143986481723104,-32.26082947204429,8.626525111397076
-49.417069535841584,-17.144465812377877,-1.5436046497573739
-50.998174547606475,-12.069176808358122,-4.58123555361208
-51.15628504878296,-8.701046426729055,-6.824711319526652
-51.31439554995946,-8.54535621118389,-9.318053247764004
-51.94683755466541,-7.616648666519036,-12.443488538846623
-51.15628504878296,-4.876712895676797,-12.194251202910584
-50.998174547606475,-3.0437496750747894,-15.035208892385016
-50.84006404642999,-0.598893089504422,-16.33023020083831
-50.04951154054754,-1.6832908497144423,-19.746015171740403
-47.8359645240767,-0.3445670187787108,-22.914240543338252
-42.93453898760554,-1.4996035108687429,-31.052157165560725
-40.404770968781726,-4.755513665801876,-34.13605743010011
-35.029013928781104,-4.541940709622327,-41.059921078263415
-29.653256888780483,-9.52946135567385,-41.9647413892906
-22.696394837014974,-12.708470649851064,-45.415972769591775
-16.213864288778932,-17.56203607478204,-47.583090728347806
-6.0947922134836485,-20.795382855020797,-48.11247972100223
7.9770423912238595,-29.297745095067565,-43.13732478141797
16.515009454754253,-37.24609671078036,-33.27608993625826
20.309661482989988,-42.05347527255901,-25.909248528382438
24.262424012402207,-42.58031715386221,-18.15921724476236
31.377396565344206,-40.56094972011144,-14.391073082676547
34.855827591226955,-37.10233410621106,-12.942464917310659
37.22748510887429,-37.602007244483495,-5.796629102579104
38.492369118286206,-36.705902191455564,1.0244543355759905
36.27882210181536,-38.04462602239129,6.84074103879065
33.43283308063857,-40.13734906232517,11.277347477658525
33.43283308063857,-39.372482356114716,13.443420424371721
33.90716458416802,-36.9330595191505,16.66190465390754
34.53960658887398,-36.332033651394454,17.888753293435823
31.06117556299123,-36.57820909921093,22.14190226725085
28.531407544167404,-38.37041920526677,23.920798439767978
26.475971028873055,-39.099966545537214,25.829242768584677
24.894866017108164,-38.61387777878017,25.527773860527148
20.309661482989988,-39.758875153927654,27.786769339986204
17.305561960636698,-40.625094589621725,29.55370871535012
12.72035742651852,-41.00522525855876,31.17494749628104
4.340500864164617,-39.484470849316835,33.27355763787627
-4.6717977028952475,-42.08312915639905,30.474423455493085
-15.423311782896489,-44.04000848117905,27.840076395680864
-24.119389347603374,-41.29003359339426,22.753626157222076
-35.503345432310574,-35.12845833513117,18.725039195938884
-42.143986481723104,-30.272176035897118,11.236409488535728
-43.72509149348799,-27.95040717423499,5.136272710698876
-47.36163302054724,-25.899265629117032,-1.5565228227316075
-46.09674901113532,-23.16748048118403,-10.035974385451459
-44.357533498193945,-26.256832923359685,-12.334530877869492
-43.5669809923115,-25.35257724742253,-19.526932330238182
-39.45610796172279,-25.729162661786724,-22.062434213203282
-37.084450444075465,-26.534782482543335,-25.658738660951464
-29.653256888780483,-28.65112901093515,-31.472714902945366
-17.79496930054382,-31.455441384781487,-39.352790266540694
-1.8258086817184491,-33.412552443055304,-40.75729883332717
18.728556471225097,-34.22466612618164,-36.943923825595796
30.428733558285273,-36.8732882844828,-22.861715878379105
34.69771709005047,-41.22989744544442,-10.057456895746041
30.58684405946176,-43.60683217343786,4.213528907566156
23.15565050416679,-45.00887249361412,16.325781537079074
11.455473417106614,-45.72566384263893,22.55806151478203
1.4945118429878148,-46.013420785271336,26.26847284390416
-4.829908204071739,-46.97555920184286,23.560711162743107
-7.834007726425024,-49.06556536747366,22.235777776064758
-9.415112738189912,-48.273529918232434,19.747679099651954
-13.209764766425646,-48.514271617442766,17.462334458359123
-14.474648775837556,-48.951456646744404,14.059343853525402
-14.00031727230809,-48.19474056344318,12.63708225119181
-14.474648775837556,-49.257403329228595,10.326777704148986
-13.8422067711316,-49.11529748519881,10.160521587474632
-15.10709078054351,-50.317349220710916,7.5510559947935585
-17.162527295837865,-49.67013648980254,9.277301810731629
-17.79496930054382,-50.2711623575586,7.115843289456239
-17.162527295837865,-51.19986990222345,4.322082662807163
-19.850405815838176,-49.62394962665022,-1.2828512801993837
-22.854505338191462,-47.27772889626042,-5.029473346619865
-25.384273357015285,-45.85749883623235,-10.477590065756837
-24.593720851132844,-43.423509747874306,-17.076285151687582
-26.332936364074218,-41.251997353151175,-19.43315793516902
-25.85860486054475,-39.8833879048816,-22.580617742596363
-26.01671536172124,-39.72769768933643,-23.51627653458853
-24.119389347603374,-41.748953617120534,-22.410374727470202
-23.8031683452504,-42.36628073069505,-22.246635215743545
-23.012615839367953,-42.37986510221043,-21.94453748129928
-22.22206333348551,-41.78155610875747,-23.834942892822326
-21.115289825250088,-40.270840816458104,-26.9928905032995
-17.320637797014353,-40.03009911724778,-29.069058643493182
-16.055753787602445,-39.8988607704303,-30.489012383407506
-3.565024194659825,-39.80754715788924,-33.29208159895178
13.985241435930433,-39.344253499320374,-33.04900352237429
30.270623057108786,-39.01219818756899,-21.572567947537827
35.96260109946238,-38.80405897999559,-3.26574034565107
33.590943581815054,-40.44601261911242,7.698661863345674
28.6895180453439,-42.044496269380026,16.979817079447994
21.890766494754875,-41.77469733310561,22.977250786494746
18.886666972401585,-41.111183356378774,25.805201469170168
12.72035742651852,-42.22901198849547,30.10806281135751
4.498611365341104,-43.61746793715635,29.456752616464694
4.814832367694082,-43.16398166203624,28.1980204839286
-0.5609246723065393,-45.060261371878774,28.76768685035279
-4.6717977028952475,-43.30691588633578,30.809453593190216
-4.355576700542269,-42.088562905005205,31.24948946649377
-4.355576700542269,-42.39450958748938,31.255362844105793
-7.0434552205425796,-42.04237604185289,31.281581702030003
-7.359676222895558,-41.27207558703629,30.024527306125698
-10.521886246425336,-41.21773810097474,31.61996601358998
-17.95307980172031,-38.33652486637248,35.082734107186056
-21.273400326426575,-36.59676375234486,32.59778086210768
-25.542383858191773,-34.68772805125668,31.990437363083245
-29.495146387603995,-31.866286051322124,29.492478410606605
-34.87090342760462,-30.0912055713545,27.810907854943228
-38.823665957016836,-28.95247032508293,22.69719114771592
-42.618317985252574,-26.745638564419806,17.56102984028556
-43.40887049113501,-28.41476094656742,11.995113019473811
-44.9899755028999,-25.940018743663195,6.670881120953538
-47.045412018194256,-23.45712591784974,1.9753858126142063
-46.88730151701777,-22.847949427184457,-5.515127775147677
-48.62651702995914,-19.14670362004044,-6.499452624068576
-50.20762204172403,-15.601148028441587,-10.28655820798575
-49.2589590346651,-13.475822496870785,-14.700511304122166
-47.519743521723726,-12.128948043025824,-17.55153671278811
-47.36163302054724,-10.754904846150088,-21.474062531216134
-44.9899755028999,-11.254577984422518,-25.543545297449903
-44.357533498193945,-11.724365505361103,-25.6980546589002
-42.46020748407608,-10.992101290787579,-29.47383097265016
-39.2979974605463,-11.811305483059579,-33.39111094045216
-38.50744495466385,-13.507596608237957,-33.36824625639079
-38.349334453487366,-14.428153529993576,-34.59866041111182
-35.18712442995759,-15.70627774599185,-36.94944717625061
-30.918140898192394,-16.085580034659117,-39.95414177865021
-24.435610349956352,-15.585078516116926,-43.62595866823734
-18.585521806426264,-17.062362936509604,-45.6943643528573
21.5745454924019,-22.800569270480246,-43.117351417875604
27.10841303357901,-21.365926458667047,-39.00704608770717
32.16794907122665,-21.91178646009179,-35.32020540825125
35.17204859357994,-23.340167143029078,-31.43543516104232
38.65047961946269,-26.459405202538587,-25.654804909155907
40.23158463122758,-28.781174064200716,-18.620058249571944
42.28702114652194,-31.722986913740442,-10.95615491594873
41.81268964299247,-32.02078297331539,-3.9350440895505128
40.70591613475705,-34.14339163058312,1.259638353269449
38.17614811593323,-36.24154841912314,4.913627666892822
32.64228057475612,-40.123764690809786,12.377164565834926
30.11251255593229,-41.45705477313935,13.835714044684982
31.06117556299123,-41.320382677715735,14.756060566260349
27.898965539461454,-42.03091189786464,17.456560913126324
25.52730802181412,-42.75502548952893,20.45915899443656
22.839429501813807,-42.40289194389242,21.575756047732398
23.78809250887274,-43.79595326088971,21.123554634747222
22.839429501813807,-43.93262535631332,22.383964503915113
20.625882485342963,-42.517829044891435,21.760889950016296
20.1515509818135,-43.12157178695056,23.18021486354388
11.297362915930123,-34.09697303393699,39.93858038365663
7.344600386517902,-29.745797621581524,43.33045046085156
2.1269538476937715,-25.9847805797698,44.87994975826396
-2.9325821899538718,-23.144320459713704,48.00286454619667
-8.150228728778002,-18.618436711691526,49.226143772329976
-16.84630629348489,-13.420888364033289,48.4542192944615
-26.649157366427197,-8.051348555011417,45.667584500594955
-32.02491440642781,-4.440587980138708,42.70462717026329
-37.084450444075465,-1.9060745425667873,37.42192640008403
-41.82776547937013,0.7759784876410711,32.13251338397685
-48.310296027606164,21.232824719265263,2.5348897323669184
-45.30619650525288,27.30013775719041,-3.07033658938986
-41.35343397584066,31.056549430665736,-6.617851173303446
-38.823665957016836,34.684439631626674,-9.522365806864352
-35.18712442995759,37.98736502998187,-13.213063080862506
-28.38837287936857,42.30676633097016,-15.404389611476667
-24.593720851132844,43.31237473639094,-14.535643236834563
-25.068052354662306,46.83891220786825,-12.260999039322206
-24.435610349956352,45.45128463947713,-11.307510072564806
-23.32883684172093,47.267946614260666,-8.084830202048751
-22.22206333348551,48.01379520034958,-3.9069836281435033
-20.957179324073596,47.839086864682876,-3.2960759133270594
-13.051654265249157,51.68055002182335,-2.3764405549595002
-7.992118227601513,52.664423432819504,-2.4574062905521457
5.447274372400035,50.29186233966867,-4.290205274818847
13.19468893004799,50.61765552254415,-5.949199626968862
20.309661482989988,47.282956012821764,-9.243613783400463
26.159750026520072,44.581884862492366,-10.821221016698773
30.74495456063825,39.76092192919832,-13.744527200845933
37.70181661240376,35.2051525638423,-15.4558769320233
42.919463151227895,28.231695355946677,-16.00909588276233
45.29112066887522,23.90768868662198,-14.397502138363128
47.18844668299309,20.050752663932798,-15.592884769940428
49.560104200640424,16.491612700818557,-14.774816037693878
48.453330692405004,14.216030702308744,-14.717551255677009
49.87632520299339,13.120765444886414,-15.025521068332553
50.19254620534637,10.208838212680542,-14.506194597266674
50.98309871122881,5.912000286386626,-14.433406203503104
51.93176171828775,1.3064988033054505,-13.266254015316836
50.19254620534637,-1.111189039234146,-16.781172643614056
50.19254620534637,-4.170655864075954,-17.5012804356164
49.24388319828745,-4.001381277015397,-19.673646843799943
49.40199369946393,-2.6273380801396633,-20.94811133061115
47.34655718416958,-3.0509387379259274,-22.783979906394922
46.87222568064011,-5.94928159861641,-24.280202619643006
44.34245766181629,-6.823651657219716,-25.166987911578765
45.4492311700517,-9.596189919698885,-25.59464690387078
43.86812615828683,-11.557674612815285,-26.16066541828114
44.34245766181629,-18.908545615344853,-23.84461130053216
41.49646864063949,-27.885069011172796,-20.36623206076536
22.365097998284345,-47.74880826445636,-2.459885120174648
20.1515509818135,-49.24050543663417,-1.625247764138564
14.459572939459903,-49.75459132669176,0.9467520372721566
12.087915421812571,-51.702491648292764,1.7920872382872328
9.400036901812257,-51.65630478514045,2.6030210419460595
6.870268882988436,-52.53067484374376,3.118150572630971
4.498611365341104,-52.94884175292387,3.622582258336887
0.7039593371053706,-54.566343523312995,1.9867410707962379
-4.829908204071739,-52.7885461690423,0.307058293693827
-8.624560232307468,-52.570367844526345,2.0628797402204344
-30.760030397015903,-41.94079157887546,-4.256090269853942
-38.823665957016836,-36.75411072842953,-4.724029234717199
-41.985875980546616,-30.88678627516856,-6.978624228869824
-44.51564399937043,-27.47790277899333,-9.972624884492664
-45.78052800878235,-23.172914229790184,-11.908969706067587
-47.519743521723726,-17.177068304014806,-12.937344887078671
-50.36573254290052,-10.703284234391617,-14.740157252703701
-49.57518003701807,-2.150361496349945,-17.56211205026198
-49.2589590346651,4.880978452180058,-20.6605732513263
-47.519743521723726,8.981373048382649,-21.69523929500625
-38.349334453487366,22.13247502686602,-27.356345040898333
-36.29389793819302,25.921489191978274,-27.454303382341052
-34.87090342760462,28.191637441881934,-29.384563484974056
-34.08035092172217,27.87210638788237,-27.986214177546138
-31.55058290289835,29.970263176422392,-28.992142159552703
-30.760030397015903,31.48641221732791,-28.25210637229501
-28.70459388172155,32.98082626380881,-28.306014381647543
-26.17482586289773,36.30276978228556,-28.245057678730575
-27.123488869956663,34.942310956925205,-27.895764180861704
-24.435610349956352,37.955590918614696,-27.986590192518182
-16.53008529113191,42.408947440723544,-25.365250139504973
-13.525985768778622,43.122193535175526,-26.19464294431577
-14.632759277014046,43.14121165529706,-26.96027006251168
-13.051654265249157,41.431336158603294,-28.037222466626716
-10.9962177499548,44.4554836175051,-26.407045914169675
-7.0434552205425796,45.15242846613862,-25.067008999602947
-3.723134695836316,46.4721341769528,-25.600387489510673
-3.090692691130359,46.92018670346677,-24.68213878842542
-5.304239707601204,46.040382896257306,-23.85924818761338
-2.9325821899538718,47.98828321785832,-23.61420519325683
0.387738334752396,46.09554876258861,-23.307071650115702
0.5458488359288833,46.398778570769714,-24.560979315284825
1.1782908406348402,46.5408844147995,-24.10416217746111
5.289163871223549,47.082139047887836,-26.813052506886795
7.344600386517902,45.21113958704275,-27.113889989756096
8.609484395929812,45.64832461634441,-27.44933891191081
10.348699908871192,43.476812221621294,-27.584759146421657
9.716257904165234,41.65199962392852,-30.034260784497988
7.660821388870881,40.310558918689715,-31.38520428657213
12.246025922989059,40.690689587626736,-30.669918363135267
17.62178296298968,41.51615590877464,-27.169051753679884
24.420534513578694,40.48149026628978,-24.428776453723547
28.531407544167404,37.50435805081005,-22.86437847274896
32.009838570050164,33.92619996757427,-24.551817208421387
35.6463800971094,30.192351668793318,-24.368987270354538
36.27882210181536,28.039857394191745,-24.802729682187742
42.60324214887491,24.718742255984747,-18.274301187469916
48.611441193581484,19.41440743023674,-12.326993435650088
48.611441193581484,18.190620700300016,-15.263097884067838
48.13710969005203,15.29227783960953,-15.668942401944294
49.71821470181692,12.05266893049486,-15.15884478175403
49.560104200640424,9.148892321198218,-15.412696543127879
51.14120921240531,2.54386990475756,-16.395674905450527
49.71821470181692,-3.8565585586825404,-16.41111228217393
48.13710969005203,-9.6423767828512,-17.059481890058507
45.4492311700517,-17.856750346771765,-18.738028222491824
38.966700621815676,-29.524305775986548,-20.45949234054846
32.32605957240314,-36.90589077611972,-20.703612830367305
23.629982007696253,-41.19268958547109,-22.8511457385082
13.827130934753947,-44.08371020352211,-22.98690631885778
1.8107328453407932,-46.324801216361664,-25.44450945894582
-9.573223239366401,-42.9167461004562,-27.23947963097754
-17.004416794661374,-42.48310632572738,-27.15662741622468
-19.692295314661685,-40.90718605015416,-24.81737736438079
-24.90994185348582,-38.21698239703707,-24.649236067946966
-29.495146387603995,-35.38467289989019,-24.335814260938456
-33.289798415839726,-32.41297443301663,-22.63285321292007
-37.084450444075465,-31.123982719806047,-22.611040037905248
-36.135787437016525,-32.517044036803334,-21.34979000102072
-37.55878194760492,-29.58609868447591,-22.32320696303347
-41.037212973487684,-22.94847377639832,-21.784880198852914
-43.40887049113501,-22.14285395564171,-21.771246964468652
-44.67375450054692,-21.509225596248733,-20.05444004133536
-44.19942299701746,-18.916829418042425,-21.044636968467543
-45.14808600407639,-16.75890139483469,-22.009033822133098
-44.67375450054692,-14.472451899112574,-20.501064353660965
-47.8359645240767,-12.88838100063012,-20.492675670501992
-47.99407502525319,-12.273770761358682,-18.477546570046346
-50.36573254290052,-6.878950703339357,-15.436647727352083
-49.891401039371054,-5.816287937553957,-13.90518474843185
-51.63061655231243,9.969851827715202,-4.061957745686924
-50.998174547606475,12.100611107892158,-5.045232384962024
-51.31439554995946,12.870911562708764,-5.834981839992767
-51.15628504878296,14.70387478331077,-7.585561334095573
-50.04951154054754,17.74432348803104,-9.526729323636722
-48.310296027606164,20.162011330570632,-8.659872026956316
-46.72919101584128,21.97052268244494,-9.960136587234157
-46.09674901113532,23.795335280137717,-9.379854712652055
-45.464307006429365,25.926094560314674,-6.15738488406516
-44.357533498193945,26.21302312267731,-8.045692475098091
-37.71689244878141,34.35947482902095,-15.13736616966167
-31.55058290289835,36.08919682610601,-19.45197426707306
-25.226162855838794,38.734041996340544,-26.90145654837184
-17.004416794661374,38.8987112150647,-31.678543819889075
-9.73133374054289,37.39697492594432,-35.788927588676366
-0.7190351734830266,35.253459654521734,-38.506415343789456
3.5499483582821725,32.12063722349684,-41.92555448855439
11.929804920636077,29.835016108044474,-41.6729564817518
17.305561960636698,26.989122239382223,-40.282365731695386
22.365097998284345,24.454608801810295,-41.69770244737041
39.44103212534513,7.793038864174268,-33.95470946210883
40.23158463122758,6.249721080237976,-33.15593989873089
40.23158463122758,3.1902542553961695,-33.40874274985969
41.02213713711002,0.7290964240073382,-33.838499562641815
41.18024763828651,3.3269263508197966,-34.04607936452949
40.23158463122758,0.43673411303854365,-34.134723919474055
40.70591613475705,1.8053435613081246,-34.32258576803555
38.966700621815676,2.4471225436103365,-34.93664021358717
38.17614811593323,1.5428668676731827,-35.221117815195356
37.70181661240376,-0.5906092868068517,-36.10895071797542
34.855827591226955,-5.895772492824621,-38.62024792728462
32.64228057475612,-6.316656276307809,-41.233070292630025
30.11251255593229,-6.42615962870066,-42.91338059671844
28.531407544167404,-6.398990885669885,-43.36180775198244
25.52730802181412,-6.959263638879778,-45.33918128121898
24.578645014755182,-4.036468909461596,-46.00672495166556
26.317860527696567,-4.67824789176381,-43.834987369868756
27.10841303357901,-5.456698969489648,-43.518206191394434
27.266523534755496,-4.847522478824363,-44.46645060692656
26.792192031226026,-2.2388250547995976,-45.75685748994204
28.21518654181443,-4.251930359674468,-45.1125972880144
29.796291553579316,-5.043965808915694,-42.780266925226115
30.428733558285273,-3.372126552465007,-41.57397510733992
30.58684405946176,-1.998083355589273,-42.84843959415114
28.05707604063794,0.1870134106492316,-44.57280023032973
28.6895180453439,2.0118260083420054,-44.771359923870214
25.52730802181412,4.360763613034909,-45.868032880112935
26.001639525343585,3.128826260188954,-45.53866607809866
22.839429501813807,5.1718171823976755,-46.31792902948032
15.408235946518834,6.829243687063217,-49.68547322491495
6.079716377105992,8.519272683365687,-51.472680941372964
-1.8258086817184491,10.33782315218255,-51.72213221744038
-5.304239707601204,12.233274481755336,-50.62546315939989
-6.252902714660136,13.320389116268432,-50.79046162330076
-6.885344719366093,14.249096660933287,-49.55438413289687
-7.201565721719069,14.25453040953944,-50.17368183027303
-0.7190351734830266,11.23664507951355,-51.28566185932958
7.9770423912238595,8.945590215455029,-51.0368394096489
14.459572939459903,8.681225027786766,-49.86515513284589
21.5745454924019,7.947072319179924,-45.88838225862734
27.898965539461454,6.614610617120103,-44.07118012712321
30.428733558285273,6.4181672870287745,-42.85230138629635
34.855827591226955,5.424254759090068,-38.52602627168049
40.70591613475705,5.629677092360384,-34.084466360936815
43.86812615828683,6.79912633623556,-27.75921458399877
48.13710969005203,5.196037317631568,-24.04237819009599
49.560104200640424,5.630505472630142,-17.993214032206406
51.77365121711126,7.734096009776323,-10.583877521367068
52.5642037229937,10.168085098134382,-6.123022339957011
52.24798272064073,13.844879036550706,-1.8282145326928798
49.40199369946393,16.647302916363728,4.383637627876821
51.77365121711126,16.300603119333385,6.230414090568739
50.50876720769936,14.027737995126648,11.11838437350663
50.19254620534637,13.727225061248621,11.128033308240566
48.453330692405004,11.921430583677388,13.676332156075514
49.71821470181692,12.05266893049486,14.592903120528973
50.50876720769936,12.039084558979475,11.935402896107382
51.45743021475828,11.869809971918919,10.213561463677964
52.08987221946425,7.422715578685988,4.527746720701325
53.51286673005264,5.256636932569026,-2.1461671289173885
53.98719823358211,3.87172623848098,-9.446511005698502
50.98309871122881,5.147133580176174,-17.689857345587928
46.23978367593415,4.7697197855422235,-22.92053658557486
44.658678664169265,6.326621940993901,-27.759843410385503
41.49646864063949,7.1458261332659,-30.38483261481328
38.492369118286206,8.880153498687365,-35.98892768950393
33.116612078285584,7.595767153813183,-39.169447605292234
29.638181052402828,6.890671682270433,-42.8516725599096
27.74085503828496,7.688140880117814,-45.80330062007406
23.946203010049235,5.611719086002407,-45.87264860495148
23.629982007696253,9.900406389387092,-47.97608841151665
16.356898953577765,12.931876090928368,-48.100815998651484
16.356898953577765,15.685396233285996,-47.374834829037106
14.459572939459903,22.90774576330117,-44.37483958769786
12.72035742651852,30.58629844273954,-41.385542191337606
11.929804920636077,37.177736487664816,-36.51779488120677
14.617683440636391,42.638589909227754,-28.867192232533526
15.72445694887181,45.679038613948016,-23.798786108971356
13.985241435930433,46.32081759625024,-17.870571382293207
14.459572939459903,48.60726709197235,-14.493382150326852
13.985241435930433,49.074337738607866,-8.888869590579363
12.246025922989059,50.7869301096047,-2.981211685543298
7.9770423912238595,51.62515242199824,-2.944925108427575
4.814832367694082,52.90327663799651,0.8077764793318677
1.9688433465172843,52.34028701048354,-0.5484115739675598
-6.0947922134836485,53.8556076711193,0.45604481513414574
-6.727234218189603,52.4897150971528,2.6707825193753307
-8.782670733483958,51.913141098124434,3.1743753367653493
-6.252902714660136,51.71669776803312,3.458644195845119
0.7039593371053706,52.36202200490817,-0.8448459727289575
24.736755515931677,38.94632310526273,-26.583941513528597
32.32605957240314,28.87264595797913,-29.754804698178514
35.48826959593291,21.016668068570972,-34.160070235402024
36.12071160063887,16.569573675338045,-36.10744545139022
36.75315360534483,12.887345988315566,-34.798369525293595
36.911264106521315,16.86193598630684,-34.56507458556184
33.749054082991535,20.893580344662738,-36.16135605954424
29.480070551226344,23.26153606947718,-38.02365613398286
25.21108701946114,22.875971651933998,-39.054254241790666
21.416434991225405,25.08280341259712,-41.23081759035517
12.246025922989059,16.97982169510273,-47.97231935139845
13.036578428871502,15.130557228682257,-47.47921303765752
14.459572939459903,14.4942119949862,-48.886371112102736
13.985241435930433,11.442895793053623,-49.13351062754866
12.404136424165547,8.257624370000501,-49.36449900426188
12.878467927695015,8.249473747091267,-49.37016233994475
12.087915421812571,6.733324706185751,-51.35634463619859
9.400036901812257,7.238431593064338,-50.5542208989578
7.186489885341415,10.18296131690714,-50.27205245916963
4.024279861811638,9.013512073031963,-50.67810831837599
-18.111190302896798,19.03119497371449,-44.9911714241384
-20.64095832172062,20.75737171622672,-42.50097752603697
-24.277499848779865,22.196619896376315,-41.549378936642
-28.230262378192084,23.488328483889973,-38.09877508332682
-31.70869340407484,23.548099718557676,-34.31880442799737
-33.76412991936919,25.266125838160672,-31.055432297456203
-39.2979974605463,25.820136462494652,-24.30013262838653
-41.669654978193634,25.401969553314544,-19.745724788443137
-43.25075998995852,24.664271590134867,-17.219870540811236
-45.78052800878235,23.78990153153156,-12.031691601390776
-47.519743521723726,23.513840466381236,8.556364738828176
-45.14808600407639,24.390927399287616,14.118087218060436
-42.77642848642906,25.420987673436084,17.496116617743425
-39.930439465252256,27.20776403088578,21.47687249221157
-36.92633994289897,27.615063442853575,25.7937074146219
-32.49924590995728,28.915751033546226,30.699005451645636
-30.127588392309953,27.345264506579163,34.905800129153434
-26.807267867603684,26.67631678124617,37.68173317983876
-22.854505338191462,25.537581534974606,40.614693496322815
-20.324737319367642,23.964378133704468,43.729222199898025
-9.415112738189912,4.808219492772919,53.30921370860875
-8.150228728778002,-3.7800226112087594,53.14702942600878
-11.15432825113129,-11.835989085281078,51.31355364826683
-12.261101759366712,-19.465638027264056,48.35823626600376
-12.893543764072668,-26.338570885945813,44.136425595031625
-16.84630629348489,-31.012822606873677,39.75737631693085
-20.64095832172062,-37.06655127328344,32.754808127906415
-26.332936364074218,-40.18118396445655,23.849876430804986
-30.760030397015903,-40.41105816645456,12.225984086284877
-34.23846142289866,-39.58642022557641,0.2586716215079158
-29.495146387603995,-41.197659867089634,-12.697364878095634
-23.8031683452504,-41.6014140244846,-22.88439191427168
-21.431510827603066,-39.04162033791522,-27.791450024748283
-22.06395283230902,-34.594525944682296,-32.074807353740816
-26.649157366427197,-28.702749622693624,-33.68933908634678
-30.443809394662924,-20.376984212346883,-37.541053123396956
-30.28569889348644,-13.18995404827171,-39.08288009846115
-32.183024907604306,-5.814631177014445,-40.758870954663465
-28.38837287936857,5.134244409142205,-42.41753405677994
-22.22206333348551,12.829926714668797,-44.51014831325803
-13.8422067711316,17.73405263759468,-47.66670926645289
-6.0947922134836485,22.343099375248688,-47.07140620080348
2.285064348870259,22.65802506091186,-46.8687319037031
5.131053370047061,22.30317464097228,-45.806460344816635
7.660821388870881,23.94241140578604,-44.93435849691094
8.609484395929812,23.467190136241303,-45.092643415483145
13.19468893004799,24.918134193872962,-44.397914313688375
13.510909932400965,24.300807080298444,-45.01301637008431
20.467771984166475,21.427744468605415,-43.95284003288648
23.471871506519765,18.9285503969735,-43.00711092290132
24.894866017108164,17.22139177458281,-41.90141915771215
26.001639525343585,17.50832033694545,-44.724336630492196
26.001639525343585,15.213720218314094,-42.81106653490779
24.262424012402207,13.866845764469133,-44.78885884860192
21.5745454924019,13.760059286379358,-45.68843980600676
17.62178296298968,12.910141096503747,-46.55823509089394
15.250125445342348,12.491974187323638,-49.169169677678376
11.771694419459589,14.846345540622696,-49.17168888142755
11.455473417106614,18.06421945531275,-47.98343728023576
12.72035742651852,18.042484460888133,-47.53123456784985
12.404136424165547,19.88359830439937,-47.40693096277556
7.9770423912238595,23.172110950969433,-46.48113374624797
6.870268882988436,23.650049094817245,-45.697887794616726
3.5499483582821725,22.636290066487238,-46.883834132190735
1.8107328453407932,23.27806904878945,-46.719047009619764
0.7039593371053706,21.155460391521725,-48.845475307152164
-1.9839191828949365,20.43678054846359,-48.798699627585876
-3.8812451970128032,18.480729603953346,-48.73786933037625
-3.565024194659825,16.792589101684197,-49.332414565130094
-1.8258086817184491,11.867556564603452,-51.75149910550051
-0.08659316877707351,1.129537060323276,-51.09939151237659
1.8107328453407932,-6.5517324934181715,-51.13097872843195
5.447274372400035,-15.027754370703923,-48.520586733010944
6.5540478806354585,-21.930572846719528,-46.8439670504219
10.348699908871192,-29.33849820961373,-42.07526326446067
12.246025922989059,-34.72516764472382,-37.78938803111971
13.985241435930433,-40.10912020553083,-32.25547851022164
13.985241435930433,-43.627507054098906,-26.26873874995166
14.617683440636391,-44.097294575037495,-23.77518677978515
14.617683440636391,-47.61568142360556,-19.657666783009386
16.04067795122479,-51.00554679965925,-6.68127960549069
16.198788452401278,-49.63150360278351,-6.086524328807683
16.356898953577765,-50.246113842054946,-2.182457511531633
17.14745145946021,-50.25969821357034,0.14462830003136695
17.305561960636698,-48.8856550166946,2.1412983993350423
17.779893464166168,-50.11759236954056,3.4052750830964222
17.62178296298968,-49.50298213026912,5.108867556303029
17.779893464166168,-48.89380563960383,3.693318199897361
18.25422496769563,-49.51384962748142,3.8551699330630615
18.886666972401585,-48.91282375972538,7.418543276959114
19.67721947828403,-42.34855445783088,26.90963428218512
19.044777473578073,-37.74848672335585,31.190597513735078
18.25422496769563,-34.675435526998655,36.74896192090228
16.356898953577765,-29.135792750646484,41.65048050260187
13.66902043357746,-22.970672237810554,46.3939229082577
11.929804920636077,-18.810506406940263,48.51615426540912
9.558147402988748,-6.990806016753145,52.05678543274893
3.075616854752703,1.8400662804721801,52.90140297355249
3.075616854752703,8.876839977608336,51.987473720353336
-1.3514771781889834,15.3777927902623,52.07275890383209
-7.359676222895558,38.12108851760861,38.00225294690094
-11.15432825113129,37.57440013591411,35.25547674234658
-11.312438752307779,41.24847720002735,30.358066267203167
-12.261101759366712,46.15992536559271,25.29083286079191
-14.00031727230809,46.342784324168655,21.258685581918925
-14.00031727230809,47.10765103037911,19.8420873152682
-16.371974789955424,47.913270851135714,16.740354277162094
-15.26520128172,47.588306048529994,17.979159713843586
-15.423311782896489,46.97912955786471,16.590879425007923
-17.320637797014353,48.54146546192255,10.976506589196601
-23.48694734289742,47.88255685353211,5.301385792996728
-25.85860486054475,48.68817667428873,2.666957695764179
-29.337035886427508,44.15874767169371,2.173516233787487
-32.49924590995728,40.23577828546091,1.508784145840315
-36.92633994289897,38.62914401228408,2.0612504632867443
-37.084450444075465,38.32591420410298,1.913243305835207
-38.50744495466385,35.90279261295723,0.7310738247838492
-38.66555545584035,37.282269558439125,-1.7857616139015986
-38.66555545584035,36.51740285222867,-4.730676128737387
-39.13988695936981,34.07798001526446,-6.235708908403508
-40.87910247231119,29.67163873657769,-14.697036618207152
-41.19532347466417,27.688419049036664,-15.745462301978712
-41.985875980546616,27.396056738067873,-15.262845090688355
-42.618317985252574,24.500430751680465,-15.51103351637934
-44.04131249584096,24.371909279166072,-16.73725332952088
-42.143986481723104,23.26849339883451,-17.362423105108327
-44.51564399937043,19.484912982328414,-19.129908970037913
-45.78052800878235,17.212047858121675,-19.849597977582683
-47.045412018194256,10.044035814168046,-19.384934747963428
-49.417069535841584,1.2123351366729667,-17.784375296179718
-40.404770968781726,-29.69016828826261,-10.915203365540432
-39.45610796172279,-35.060536477554244,-10.200672674197655
-36.610118940545995,-36.79214696867261,-7.710056093436419
-35.97767693584004,-38.17977453706375,-9.093091831046792
-34.08035092172217,-39.436163758637406,-10.494166485950817
-30.28569889348644,-40.87812881309007,-12.693799362902883
-27.914041375839105,-41.98969531633086,-13.013095846924159
-26.01671536172124,-41.25743110175734,-16.477335533425084
-25.542383858191773,-42.948288478329566,-17.54107348761344
-24.277499848779865,-43.12299681399627,-17.085934086421513
-14.00031727230809,-48.19474056344318,-15.401214201221492
-9.88944424171938,-49.9480860489862,-15.10645623969115
-8.150228728778002,-51.35473173749885,-14.63348666373399
-7.0434552205425796,-50.60888315140994,-14.661384557690734
-5.62046070995418,-49.715494972685114,-14.851763011199923
-4.51368720171876,-49.73451309280665,-14.864977461126607
-5.304239707601204,-49.720928721291266,-13.765160372950204
-5.936681712307159,-49.40411454159477,-16.878848908808774
-2.9325821899538718,-50.067628518321605,-15.96836006449576
-4.355576700542269,-49.12533660214135,-16.592063444781314
-30.443809394662924,-31.69701146426157,-27.510334393407387
-35.34523493113408,-20.139787767709397,-33.279724208951365
-36.610118940545995,-13.081279076148617,-35.89200268353259
-36.76822944172248,-3.1352950211096644,-36.392536304611475
-34.87090342760462,5.857529620536741,-38.45767405039187
-28.230262378192084,16.145608104269634,-42.16355848850023
-16.84630629348489,24.669473605247216,-41.843796552333615
-4.355576700542269,30.267827502503536,-42.41606186052657
4.498611365341104,31.033522588983747,-42.072092651902565
9.716257904165234,30.33197237201383,-39.941886198446774
22.048876995931362,21.400575725574644,-41.635193114128256
20.467771984166475,21.121797786121235,-43.4796617144009
20.1515509818135,19.903444804790666,-44.23123421495348
20.942103487695945,19.43094040954901,-46.10108280483445
22.365097998284345,17.570808445916228,-43.43477121459408
22.048876995931362,19.105975606943286,-43.927667486405845
22.68131900063732,18.942134768488888,-42.99767203009655
23.471871506519765,18.9285503969735,-44.40902574552199
22.997540002990295,17.71291428994601,-45.15871046751361
22.839429501813807,16.491844434312362,-43.108341101385825
21.5745454924019,17.584392817431613,-44.204173889911885
21.5745454924019,16.819526111221162,-44.656795386755384
22.839429501813807,16.491844434312362,-44.97756086488004
22.365097998284345,16.499995057221593,-44.66036090194814
22.365097998284345,16.499995057221593,-44.19305596107458
22.68131900063732,16.64753464985753,-44.82284146150059
22.997540002990295,16.3361542187672,-44.820743641010466
22.839429501813807,15.726977728101911,-43.87249922547836
22.839429501813807,16.491844434312362,-43.88718266950842
23.471871506519765,16.328003595857965,-45.916785172064955
23.629982007696253,13.724739920439351,-44.62260273192756
23.15565050416679,15.262623955769484,-44.64630628430481
22.365097998284345,16.041075033495325,-43.40540432653395
23.78809250887274,14.639863093588815,-44.797878956949106
24.420534513578694,13.711155548923964,-44.16473668385878
23.15565050416679,14.956677273285305,-43.8615913385702
25.369197520637627,14.612694350558042,-44.349451801685106
24.578645014755182,15.0851987457997,-44.03728634804933
23.946203010049235,12.954439465622743,-43.054011708774226
24.578645014755182,14.626278722073428,-44.80731784975388
24.736755515931677,14.92950853025453,-43.413164183306186
24.894866017108164,14.314898290983091,-44.80522002926377
24.262424012402207,15.090632494405854,-44.345047418176456
23.946203010049235,14.178226195559466,-43.85634678734491
22.997540002990295,15.571287512556745,-44.80606019698041
22.68131900063732,15.88266794364708,-45.11969464471956
23.15565050416679,14.497757249559033,-43.07393970402957
24.578645014755182,13.861412015862976,-44.792634405723824
22.997540002990295,13.88858075889375,-43.99491505199168
24.262424012402207,13.560899081984951,-44.31568053011634
26.001639525343585,13.37804012340901,-43.08736289648468
25.52730802181412,14.151057452528692,-43.87522457295446
24.736755515931677,13.399775117833627,-43.85110223611962
26.317860527696567,12.454766327350313,-44.16389651614213
24.578645014755182,14.320332039589248,-44.3341395312683
25.369197520637627,13.082960938137138,-43.6970116591269
25.369197520637627,13.54188096186341,-43.705821725544936
26.001639525343585,13.37804012340901,-44.177741091856305
26.159750026520072,12.76342988413757,-44.323650428817736
26.475971028873055,12.757996135531414,-43.70435273144157
25.369197520637627,12.777014255652956,-44.78151647688651
25.21108701946114,13.697571177408577,-44.17417557666354
24.894866017108164,11.561378148625465,-43.19467649451036
25.68541852299061,13.077527189530983,-44.32386047074689
